date,hour,tariff_rate_sgd_per_kwh
2025-10-01,0,0.18
2025-10-01,1,0.18
2025-10-01,2,0.18
2025-10-01,3,0.18
2025-10-01,4,0.18
2025-10-01,5,0.18
2025-10-01,6,0.18
2025-10-01,7,0.18
2025-10-01,8,0.28
2025-10-01,9,0.28
2025-10-01,10,0.28
2025-10-01,11,0.28
2025-10-01,12,0.28
2025-10-01,13,0.28
2025-10-01,14,0.28
2025-10-01,15,0.28
2025-10-01,16,0.28
2025-10-01,17,0.28
2025-10-01,18,0.28
2025-10-01,19,0.28
2025-10-01,20,0.28
2025-10-01,21,0.28
2025-10-01,22,0.18
2025-10-01,23,0.18
2025-10-02,0,0.18
2025-10-02,1,0.18
2025-10-02,2,0.18
2025-10-02,3,0.18
2025-10-02,4,0.18
2025-10-02,5,0.18
2025-10-02,6,0.18
2025-10-02,7,0.18
2025-10-02,8,0.28
2025-10-02,9,0.28
2025-10-02,10,0.28
2025-10-02,11,0.28
2025-10-02,12,0.28
2025-10-02,13,0.28
2025-10-02,14,0.28
2025-10-02,15,0.28
2025-10-02,16,0.28
2025-10-02,17,0.28
2025-10-02,18,0.28
2025-10-02,19,0.28
2025-10-02,20,0.28
2025-10-02,21,0.28
2025-10-02,22,0.18
2025-10-02,23,0.18
2025-10-03,0,0.18
2025-10-03,1,0.18
2025-10-03,2,0.18
2025-10-03,3,0.18
2025-10-03,4,0.18
2025-10-03,5,0.18
2025-10-03,6,0.18
2025-10-03,7,0.18
2025-10-03,8,0.28
2025-10-03,9,0.28
2025-10-03,10,0.28
2025-10-03,11,0.28
2025-10-03,12,0.28
2025-10-03,13,0.28
2025-10-03,14,0.28
2025-10-03,15,0.28
2025-10-03,16,0.28
2025-10-03,17,0.28
2025-10-03,18,0.28
2025-10-03,19,0.28
2025-10-03,20,0.28
2025-10-03,21,0.28
2025-10-03,22,0.18
2025-10-03,23,0.18
2025-10-04,0,0.18
2025-10-04,1,0.18
2025-10-04,2,0.18
2025-10-04,3,0.18
2025-10-04,4,0.18
2025-10-04,5,0.18
2025-10-04,6,0.18
2025-10-04,7,0.18
2025-10-04,8,0.28
2025-10-04,9,0.28
2025-10-04,10,0.28
2025-10-04,11,0.28
2025-10-04,12,0.28
2025-10-04,13,0.28
2025-10-04,14,0.28
2025-10-04,15,0.28
2025-10-04,16,0.28
2025-10-04,17,0.28
2025-10-04,18,0.28
2025-10-04,19,0.28
2025-10-04,20,0.28
2025-10-04,21,0.28
2025-10-04,22,0.18
2025-10-04,23,0.18
2025-10-05,0,0.18
2025-10-05,1,0.18
2025-10-05,2,0.18
2025-10-05,3,0.18
2025-10-05,4,0.18
2025-10-05,5,0.18
2025-10-05,6,0.18
2025-10-05,7,0.18
2025-10-05,8,0.28
2025-10-05,9,0.28
2025-10-05,10,0.28
2025-10-05,11,0.28
2025-10-05,12,0.28
2025-10-05,13,0.28
2025-10-05,14,0.28
2025-10-05,15,0.28
2025-10-05,16,0.28
2025-10-05,17,0.28
2025-10-05,18,0.28
2025-10-05,19,0.28
2025-10-05,20,0.28
2025-10-05,21,0.28
2025-10-05,22,0.18
2025-10-05,23,0.18
2025-10-06,0,0.18
2025-10-06,1,0.18
2025-10-06,2,0.18
2025-10-06,3,0.18
2025-10-06,4,0.18
2025-10-06,5,0.18
2025-10-06,6,0.18
2025-10-06,7,0.18
2025-10-06,8,0.28
2025-10-06,9,0.28
2025-10-06,10,0.28
2025-10-06,11,0.28
2025-10-06,12,0.28
2025-10-06,13,0.28
2025-10-06,14,0.28
2025-10-06,15,0.28
2025-10-06,16,0.28
2025-10-06,17,0.28
2025-10-06,18,0.28
2025-10-06,19,0.28
2025-10-06,20,0.28
2025-10-06,21,0.28
2025-10-06,22,0.18
2025-10-06,23,0.18
2025-10-07,0,0.18
2025-10-07,1,0.18
2025-10-07,2,0.18
2025-10-07,3,0.18
2025-10-07,4,0.18
2025-10-07,5,0.18
2025-10-07,6,0.18
2025-10-07,7,0.18
2025-10-07,8,0.28
2025-10-07,9,0.28
2025-10-07,10,0.28
2025-10-07,11,0.28
2025-10-07,12,0.28
2025-10-07,13,0.28
2025-10-07,14,0.28
2025-10-07,15,0.28
2025-10-07,16,0.28
2025-10-07,17,0.28
2025-10-07,18,0.28
2025-10-07,19,0.28
2025-10-07,20,0.28
2025-10-07,21,0.28
2025-10-07,22,0.18
2025-10-07,23,0.18
2025-10-08,0,0.18
2025-10-08,1,0.18
2025-10-08,2,0.18
2025-10-08,3,0.18
2025-10-08,4,0.18
2025-10-08,5,0.18
2025-10-08,6,0.18
2025-10-08,7,0.18
2025-10-08,8,0.28
2025-10-08,9,0.28
2025-10-08,10,0.28
2025-10-08,11,0.28
2025-10-08,12,0.28
2025-10-08,13,0.28
2025-10-08,14,0.28
2025-10-08,15,0.28
2025-10-08,16,0.28
2025-10-08,17,0.28
2025-10-08,18,0.28
2025-10-08,19,0.28
2025-10-08,20,0.28
2025-10-08,21,0.28
2025-10-08,22,0.18
2025-10-08,23,0.18
2025-10-09,0,0.18
2025-10-09,1,0.18
2025-10-09,2,0.18
2025-10-09,3,0.18
2025-10-09,4,0.18
2025-10-09,5,0.18
2025-10-09,6,0.18
2025-10-09,7,0.18
2025-10-09,8,0.28
2025-10-09,9,0.28
2025-10-09,10,0.28
2025-10-09,11,0.28
2025-10-09,12,0.28
2025-10-09,13,0.28
2025-10-09,14,0.28
2025-10-09,15,0.28
2025-10-09,16,0.28
2025-10-09,17,0.28
2025-10-09,18,0.28
2025-10-09,19,0.28
2025-10-09,20,0.28
2025-10-09,21,0.28
2025-10-09,22,0.18
2025-10-09,23,0.18
2025-10-10,0,0.18
2025-10-10,1,0.18
2025-10-10,2,0.18
2025-10-10,3,0.18
2025-10-10,4,0.18
2025-10-10,5,0.18
2025-10-10,6,0.18
2025-10-10,7,0.18
2025-10-10,8,0.28
2025-10-10,9,0.28
2025-10-10,10,0.28
2025-10-10,11,0.28
2025-10-10,12,0.28
2025-10-10,13,0.28
2025-10-10,14,0.28
2025-10-10,15,0.28
2025-10-10,16,0.28
2025-10-10,17,0.28
2025-10-10,18,0.28
2025-10-10,19,0.28
2025-10-10,20,0.28
2025-10-10,21,0.28
2025-10-10,22,0.18
2025-10-10,23,0.18
2025-10-11,0,0.18
2025-10-11,1,0.18
2025-10-11,2,0.18
2025-10-11,3,0.18
2025-10-11,4,0.18
2025-10-11,5,0.18
2025-10-11,6,0.18
2025-10-11,7,0.18
2025-10-11,8,0.28
2025-10-11,9,0.28
2025-10-11,10,0.28
2025-10-11,11,0.28
2025-10-11,12,0.28
2025-10-11,13,0.28
2025-10-11,14,0.28
2025-10-11,15,0.28
2025-10-11,16,0.28
2025-10-11,17,0.28
2025-10-11,18,0.28
2025-10-11,19,0.28
2025-10-11,20,0.28
2025-10-11,21,0.28
2025-10-11,22,0.18
2025-10-11,23,0.18
2025-10-12,0,0.18
2025-10-12,1,0.18
2025-10-12,2,0.18
2025-10-12,3,0.18
2025-10-12,4,0.18
2025-10-12,5,0.18
2025-10-12,6,0.18
2025-10-12,7,0.18
2025-10-12,8,0.28
2025-10-12,9,0.28
2025-10-12,10,0.28
2025-10-12,11,0.28
2025-10-12,12,0.28
2025-10-12,13,0.28
2025-10-12,14,0.28
2025-10-12,15,0.28
2025-10-12,16,0.28
2025-10-12,17,0.28
2025-10-12,18,0.28
2025-10-12,19,0.28
2025-10-12,20,0.28
2025-10-12,21,0.28
2025-10-12,22,0.18
2025-10-12,23,0.18
2025-10-13,0,0.18
2025-10-13,1,0.18
2025-10-13,2,0.18
2025-10-13,3,0.18
2025-10-13,4,0.18
2025-10-13,5,0.18
2025-10-13,6,0.18
2025-10-13,7,0.18
2025-10-13,8,0.28
2025-10-13,9,0.28
2025-10-13,10,0.28
2025-10-13,11,0.28
2025-10-13,12,0.28
2025-10-13,13,0.28
2025-10-13,14,0.28
2025-10-13,15,0.28
2025-10-13,16,0.28
2025-10-13,17,0.28
2025-10-13,18,0.28
2025-10-13,19,0.28
2025-10-13,20,0.28
2025-10-13,21,0.28
2025-10-13,22,0.18
2025-10-13,23,0.18
2025-10-14,0,0.18
2025-10-14,1,0.18
2025-10-14,2,0.18
2025-10-14,3,0.18
2025-10-14,4,0.18
2025-10-14,5,0.18
2025-10-14,6,0.18
2025-10-14,7,0.18
2025-10-14,8,0.28
2025-10-14,9,0.28
2025-10-14,10,0.28
2025-10-14,11,0.28
2025-10-14,12,0.28
2025-10-14,13,0.28
2025-10-14,14,0.28
2025-10-14,15,0.28
2025-10-14,16,0.28
2025-10-14,17,0.28
2025-10-14,18,0.28
2025-10-14,19,0.28
2025-10-14,20,0.28
2025-10-14,21,0.28
2025-10-14,22,0.18
2025-10-14,23,0.18
2025-10-15,0,0.18
2025-10-15,1,0.18
2025-10-15,2,0.18
2025-10-15,3,0.18
2025-10-15,4,0.18
2025-10-15,5,0.18
2025-10-15,6,0.18
2025-10-15,7,0.18
2025-10-15,8,0.28
2025-10-15,9,0.28
2025-10-15,10,0.28
2025-10-15,11,0.28
2025-10-15,12,0.28
2025-10-15,13,0.28
2025-10-15,14,0.28
2025-10-15,15,0.28
2025-10-15,16,0.28
2025-10-15,17,0.28
2025-10-15,18,0.28
2025-10-15,19,0.28
2025-10-15,20,0.28
2025-10-15,21,0.28
2025-10-15,22,0.18
2025-10-15,23,0.18
2025-10-16,0,0.18
2025-10-16,1,0.18
2025-10-16,2,0.18
2025-10-16,3,0.18
2025-10-16,4,0.18
2025-10-16,5,0.18
2025-10-16,6,0.18
2025-10-16,7,0.18
2025-10-16,8,0.28
2025-10-16,9,0.28
2025-10-16,10,0.28
2025-10-16,11,0.28
2025-10-16,12,0.28
2025-10-16,13,0.28
2025-10-16,14,0.28
2025-10-16,15,0.28
2025-10-16,16,0.28
2025-10-16,17,0.28
2025-10-16,18,0.28
2025-10-16,19,0.28
2025-10-16,20,0.28
2025-10-16,21,0.28
2025-10-16,22,0.18
2025-10-16,23,0.18
2025-10-17,0,0.18
2025-10-17,1,0.18
2025-10-17,2,0.18
2025-10-17,3,0.18
2025-10-17,4,0.18
2025-10-17,5,0.18
2025-10-17,6,0.18
2025-10-17,7,0.18
2025-10-17,8,0.28
2025-10-17,9,0.28
2025-10-17,10,0.28
2025-10-17,11,0.28
2025-10-17,12,0.28
2025-10-17,13,0.28
2025-10-17,14,0.28
2025-10-17,15,0.28
2025-10-17,16,0.28
2025-10-17,17,0.28
2025-10-17,18,0.28
2025-10-17,19,0.28
2025-10-17,20,0.28
2025-10-17,21,0.28
2025-10-17,22,0.18
2025-10-17,23,0.18
2025-10-18,0,0.18
2025-10-18,1,0.18
2025-10-18,2,0.18
2025-10-18,3,0.18
2025-10-18,4,0.18
2025-10-18,5,0.18
2025-10-18,6,0.18
2025-10-18,7,0.18
2025-10-18,8,0.28
2025-10-18,9,0.28
2025-10-18,10,0.28
2025-10-18,11,0.28
2025-10-18,12,0.28
2025-10-18,13,0.28
2025-10-18,14,0.28
2025-10-18,15,0.28
2025-10-18,16,0.28
2025-10-18,17,0.28
2025-10-18,18,0.28
2025-10-18,19,0.28
2025-10-18,20,0.28
2025-10-18,21,0.28
2025-10-18,22,0.18
2025-10-18,23,0.18
2025-10-19,0,0.18
2025-10-19,1,0.18
2025-10-19,2,0.18
2025-10-19,3,0.18
2025-10-19,4,0.18
2025-10-19,5,0.18
2025-10-19,6,0.18
2025-10-19,7,0.18
2025-10-19,8,0.28
2025-10-19,9,0.28
2025-10-19,10,0.28
2025-10-19,11,0.28
2025-10-19,12,0.28
2025-10-19,13,0.28
2025-10-19,14,0.28
2025-10-19,15,0.28
2025-10-19,16,0.28
2025-10-19,17,0.28
2025-10-19,18,0.28
2025-10-19,19,0.28
2025-10-19,20,0.28
2025-10-19,21,0.28
2025-10-19,22,0.18
2025-10-19,23,0.18
2025-10-20,0,0.18
2025-10-20,1,0.18
2025-10-20,2,0.18
2025-10-20,3,0.18
2025-10-20,4,0.18
2025-10-20,5,0.18
2025-10-20,6,0.18
2025-10-20,7,0.18
2025-10-20,8,0.28
2025-10-20,9,0.28
2025-10-20,10,0.28
2025-10-20,11,0.28
2025-10-20,12,0.28
2025-10-20,13,0.28
2025-10-20,14,0.28
2025-10-20,15,0.28
2025-10-20,16,0.28
2025-10-20,17,0.28
2025-10-20,18,0.28
2025-10-20,19,0.28
2025-10-20,20,0.28
2025-10-20,21,0.28
2025-10-20,22,0.18
2025-10-20,23,0.18
2025-10-21,0,0.18
2025-10-21,1,0.18
2025-10-21,2,0.18
2025-10-21,3,0.18
2025-10-21,4,0.18
2025-10-21,5,0.18
2025-10-21,6,0.18
2025-10-21,7,0.18
2025-10-21,8,0.28
2025-10-21,9,0.28
2025-10-21,10,0.28
2025-10-21,11,0.28
2025-10-21,12,0.28
2025-10-21,13,0.28
2025-10-21,14,0.28
2025-10-21,15,0.28
2025-10-21,16,0.28
2025-10-21,17,0.28
2025-10-21,18,0.28
2025-10-21,19,0.28
2025-10-21,20,0.28
2025-10-21,21,0.28
2025-10-21,22,0.18
2025-10-21,23,0.18
2025-10-22,0,0.18
2025-10-22,1,0.18
2025-10-22,2,0.18
2025-10-22,3,0.18
2025-10-22,4,0.18
2025-10-22,5,0.18
2025-10-22,6,0.18
2025-10-22,7,0.18
2025-10-22,8,0.28
2025-10-22,9,0.28
2025-10-22,10,0.28
2025-10-22,11,0.28
2025-10-22,12,0.28
2025-10-22,13,0.28
2025-10-22,14,0.28
2025-10-22,15,0.28
2025-10-22,16,0.28
2025-10-22,17,0.28
2025-10-22,18,0.28
2025-10-22,19,0.28
2025-10-22,20,0.28
2025-10-22,21,0.28
2025-10-22,22,0.18
2025-10-22,23,0.18
2025-10-23,0,0.18
2025-10-23,1,0.18
2025-10-23,2,0.18
2025-10-23,3,0.18
2025-10-23,4,0.18
2025-10-23,5,0.18
2025-10-23,6,0.18
2025-10-23,7,0.18
2025-10-23,8,0.28
2025-10-23,9,0.28
2025-10-23,10,0.28
2025-10-23,11,0.28
2025-10-23,12,0.28
2025-10-23,13,0.28
2025-10-23,14,0.28
2025-10-23,15,0.28
2025-10-23,16,0.28
2025-10-23,17,0.28
2025-10-23,18,0.28
2025-10-23,19,0.28
2025-10-23,20,0.28
2025-10-23,21,0.28
2025-10-23,22,0.18
2025-10-23,23,0.18
2025-10-24,0,0.18
2025-10-24,1,0.18
2025-10-24,2,0.18
2025-10-24,3,0.18
2025-10-24,4,0.18
2025-10-24,5,0.18
2025-10-24,6,0.18
2025-10-24,7,0.18
2025-10-24,8,0.28
2025-10-24,9,0.28
2025-10-24,10,0.28
2025-10-24,11,0.28
2025-10-24,12,0.28
2025-10-24,13,0.28
2025-10-24,14,0.28
2025-10-24,15,0.28
2025-10-24,16,0.28
2025-10-24,17,0.28
2025-10-24,18,0.28
2025-10-24,19,0.28
2025-10-24,20,0.28
2025-10-24,21,0.28
2025-10-24,22,0.18
2025-10-24,23,0.18
2025-10-25,0,0.18
2025-10-25,1,0.18
2025-10-25,2,0.18
2025-10-25,3,0.18
2025-10-25,4,0.18
2025-10-25,5,0.18
2025-10-25,6,0.18
2025-10-25,7,0.18
2025-10-25,8,0.28
2025-10-25,9,0.28
2025-10-25,10,0.28
2025-10-25,11,0.28
2025-10-25,12,0.28
2025-10-25,13,0.28
2025-10-25,14,0.28
2025-10-25,15,0.28
2025-10-25,16,0.28
2025-10-25,17,0.28
2025-10-25,18,0.28
2025-10-25,19,0.28
2025-10-25,20,0.28
2025-10-25,21,0.28
2025-10-25,22,0.18
2025-10-25,23,0.18
2025-10-26,0,0.18
2025-10-26,1,0.18
2025-10-26,2,0.18
2025-10-26,3,0.18
2025-10-26,4,0.18
2025-10-26,5,0.18
2025-10-26,6,0.18
2025-10-26,7,0.18
2025-10-26,8,0.28
2025-10-26,9,0.28
2025-10-26,10,0.28
2025-10-26,11,0.28
2025-10-26,12,0.28
2025-10-26,13,0.28
2025-10-26,14,0.28
2025-10-26,15,0.28
2025-10-26,16,0.28
2025-10-26,17,0.28
2025-10-26,18,0.28
2025-10-26,19,0.28
2025-10-26,20,0.28
2025-10-26,21,0.28
2025-10-26,22,0.18
2025-10-26,23,0.18
2025-10-27,0,0.18
2025-10-27,1,0.18
2025-10-27,2,0.18
2025-10-27,3,0.18
2025-10-27,4,0.18
2025-10-27,5,0.18
2025-10-27,6,0.18
2025-10-27,7,0.18
2025-10-27,8,0.28
2025-10-27,9,0.28
2025-10-27,10,0.28
2025-10-27,11,0.28
2025-10-27,12,0.28
2025-10-27,13,0.28
2025-10-27,14,0.28
2025-10-27,15,0.28
2025-10-27,16,0.28
2025-10-27,17,0.28
2025-10-27,18,0.28
2025-10-27,19,0.28
2025-10-27,20,0.28
2025-10-27,21,0.28
2025-10-27,22,0.18
2025-10-27,23,0.18
2025-10-28,0,0.18
2025-10-28,1,0.18
2025-10-28,2,0.18
2025-10-28,3,0.18
2025-10-28,4,0.18
2025-10-28,5,0.18
2025-10-28,6,0.18
2025-10-28,7,0.18
2025-10-28,8,0.28
2025-10-28,9,0.28
2025-10-28,10,0.28
2025-10-28,11,0.28
2025-10-28,12,0.28
2025-10-28,13,0.28
2025-10-28,14,0.28
2025-10-28,15,0.28
2025-10-28,16,0.28
2025-10-28,17,0.28
2025-10-28,18,0.28
2025-10-28,19,0.28
2025-10-28,20,0.28
2025-10-28,21,0.28
2025-10-28,22,0.18
2025-10-28,23,0.18
2025-10-29,0,0.18
2025-10-29,1,0.18
2025-10-29,2,0.18
2025-10-29,3,0.18
2025-10-29,4,0.18
2025-10-29,5,0.18
2025-10-29,6,0.18
2025-10-29,7,0.18
2025-10-29,8,0.28
2025-10-29,9,0.28
2025-10-29,10,0.28
2025-10-29,11,0.28
2025-10-29,12,0.28
2025-10-29,13,0.28
2025-10-29,14,0.28
2025-10-29,15,0.28
2025-10-29,16,0.28
2025-10-29,17,0.28
2025-10-29,18,0.28
2025-10-29,19,0.28
2025-10-29,20,0.28
2025-10-29,21,0.28
2025-10-29,22,0.18
2025-10-29,23,0.18
2025-10-30,0,0.18
2025-10-30,1,0.18
2025-10-30,2,0.18
2025-10-30,3,0.18
2025-10-30,4,0.18
2025-10-30,5,0.18
2025-10-30,6,0.18
2025-10-30,7,0.18
2025-10-30,8,0.28
2025-10-30,9,0.28
2025-10-30,10,0.28
2025-10-30,11,0.28
2025-10-30,12,0.28
2025-10-30,13,0.28
2025-10-30,14,0.28
2025-10-30,15,0.28
2025-10-30,16,0.28
2025-10-30,17,0.28
2025-10-30,18,0.28
2025-10-30,19,0.28
2025-10-30,20,0.28
2025-10-30,21,0.28
2025-10-30,22,0.18
2025-10-30,23,0.18
2025-10-31,0,0.18
2025-10-31,1,0.18
2025-10-31,2,0.18
2025-10-31,3,0.18
2025-10-31,4,0.18
2025-10-31,5,0.18
2025-10-31,6,0.18
2025-10-31,7,0.18
2025-10-31,8,0.28
2025-10-31,9,0.28
2025-10-31,10,0.28
2025-10-31,11,0.28
2025-10-31,12,0.28
2025-10-31,13,0.28
2025-10-31,14,0.28
2025-10-31,15,0.28
2025-10-31,16,0.28
2025-10-31,17,0.28
2025-10-31,18,0.28
2025-10-31,19,0.28
2025-10-31,20,0.28
2025-10-31,21,0.28
2025-10-31,22,0.18
2025-10-31,23,0.18
2025-11-01,0,0.18
2025-11-01,1,0.18
2025-11-01,2,0.18
2025-11-01,3,0.18
2025-11-01,4,0.18
2025-11-01,5,0.18
2025-11-01,6,0.18
2025-11-01,7,0.18
2025-11-01,8,0.28
2025-11-01,9,0.28
2025-11-01,10,0.28
2025-11-01,11,0.28
2025-11-01,12,0.28
2025-11-01,13,0.28
2025-11-01,14,0.28
2025-11-01,15,0.28
2025-11-01,16,0.28
2025-11-01,17,0.28
2025-11-01,18,0.28
2025-11-01,19,0.28
2025-11-01,20,0.28
2025-11-01,21,0.28
2025-11-01,22,0.18
2025-11-01,23,0.18
2025-11-02,0,0.18
2025-11-02,1,0.18
2025-11-02,2,0.18
2025-11-02,3,0.18
2025-11-02,4,0.18
2025-11-02,5,0.18
2025-11-02,6,0.18
2025-11-02,7,0.18
2025-11-02,8,0.28
2025-11-02,9,0.28
2025-11-02,10,0.28
2025-11-02,11,0.28
2025-11-02,12,0.28
2025-11-02,13,0.28
2025-11-02,14,0.28
2025-11-02,15,0.28
2025-11-02,16,0.28
2025-11-02,17,0.28
2025-11-02,18,0.28
2025-11-02,19,0.28
2025-11-02,20,0.28
2025-11-02,21,0.28
2025-11-02,22,0.18
2025-11-02,23,0.18
2025-11-03,0,0.18
2025-11-03,1,0.18
2025-11-03,2,0.18
2025-11-03,3,0.18
2025-11-03,4,0.18
2025-11-03,5,0.18
2025-11-03,6,0.18
2025-11-03,7,0.18
2025-11-03,8,0.28
2025-11-03,9,0.28
2025-11-03,10,0.28
2025-11-03,11,0.28
2025-11-03,12,0.28
2025-11-03,13,0.28
2025-11-03,14,0.28
2025-11-03,15,0.28
2025-11-03,16,0.28
2025-11-03,17,0.28
2025-11-03,18,0.28
2025-11-03,19,0.28
2025-11-03,20,0.28
2025-11-03,21,0.28
2025-11-03,22,0.18
2025-11-03,23,0.18
2025-11-04,0,0.18
2025-11-04,1,0.18
2025-11-04,2,0.18
2025-11-04,3,0.18
2025-11-04,4,0.18
2025-11-04,5,0.18
2025-11-04,6,0.18
2025-11-04,7,0.18
2025-11-04,8,0.28
2025-11-04,9,0.28
2025-11-04,10,0.28
2025-11-04,11,0.28
2025-11-04,12,0.28
2025-11-04,13,0.28
2025-11-04,14,0.28
2025-11-04,15,0.28
2025-11-04,16,0.28
2025-11-04,17,0.28
2025-11-04,18,0.28
2025-11-04,19,0.28
2025-11-04,20,0.28
2025-11-04,21,0.28
2025-11-04,22,0.18
2025-11-04,23,0.18
2025-11-05,0,0.18
2025-11-05,1,0.18
2025-11-05,2,0.18
2025-11-05,3,0.18
2025-11-05,4,0.18
2025-11-05,5,0.18
2025-11-05,6,0.18
2025-11-05,7,0.18
2025-11-05,8,0.28
2025-11-05,9,0.28
2025-11-05,10,0.28
2025-11-05,11,0.28
2025-11-05,12,0.28
2025-11-05,13,0.28
2025-11-05,14,0.28
2025-11-05,15,0.28
2025-11-05,16,0.28
2025-11-05,17,0.28
2025-11-05,18,0.28
2025-11-05,19,0.28
2025-11-05,20,0.28
2025-11-05,21,0.28
2025-11-05,22,0.18
2025-11-05,23,0.18
2025-11-06,0,0.18
2025-11-06,1,0.18
2025-11-06,2,0.18
2025-11-06,3,0.18
2025-11-06,4,0.18
2025-11-06,5,0.18
2025-11-06,6,0.18
2025-11-06,7,0.18
2025-11-06,8,0.28
2025-11-06,9,0.28
2025-11-06,10,0.28
2025-11-06,11,0.28
2025-11-06,12,0.28
2025-11-06,13,0.28
2025-11-06,14,0.28
2025-11-06,15,0.28
2025-11-06,16,0.28
2025-11-06,17,0.28
2025-11-06,18,0.28
2025-11-06,19,0.28
2025-11-06,20,0.28
2025-11-06,21,0.28
2025-11-06,22,0.18
2025-11-06,23,0.18
2025-11-07,0,0.18
2025-11-07,1,0.18
2025-11-07,2,0.18
2025-11-07,3,0.18
2025-11-07,4,0.18
2025-11-07,5,0.18
2025-11-07,6,0.18
2025-11-07,7,0.18
2025-11-07,8,0.28
2025-11-07,9,0.28
2025-11-07,10,0.28
2025-11-07,11,0.28
2025-11-07,12,0.28
2025-11-07,13,0.28
2025-11-07,14,0.28
2025-11-07,15,0.28
2025-11-07,16,0.28
2025-11-07,17,0.28
2025-11-07,18,0.28
2025-11-07,19,0.28
2025-11-07,20,0.28
2025-11-07,21,0.28
2025-11-07,22,0.18
2025-11-07,23,0.18
2025-11-08,0,0.18
2025-11-08,1,0.18
2025-11-08,2,0.18
2025-11-08,3,0.18
2025-11-08,4,0.18
2025-11-08,5,0.18
2025-11-08,6,0.18
2025-11-08,7,0.18
2025-11-08,8,0.28
2025-11-08,9,0.28
2025-11-08,10,0.28
2025-11-08,11,0.28
2025-11-08,12,0.28
2025-11-08,13,0.28
2025-11-08,14,0.28
2025-11-08,15,0.28
2025-11-08,16,0.28
2025-11-08,17,0.28
2025-11-08,18,0.28
2025-11-08,19,0.28
2025-11-08,20,0.28
2025-11-08,21,0.28
2025-11-08,22,0.18
2025-11-08,23,0.18
2025-11-09,0,0.18
2025-11-09,1,0.18
2025-11-09,2,0.18
2025-11-09,3,0.18
2025-11-09,4,0.18
2025-11-09,5,0.18
2025-11-09,6,0.18
2025-11-09,7,0.18
2025-11-09,8,0.28
2025-11-09,9,0.28
2025-11-09,10,0.28
2025-11-09,11,0.28
2025-11-09,12,0.28
2025-11-09,13,0.28
2025-11-09,14,0.28
2025-11-09,15,0.28
2025-11-09,16,0.28
2025-11-09,17,0.28
2025-11-09,18,0.28
2025-11-09,19,0.28
2025-11-09,20,0.28
2025-11-09,21,0.28
2025-11-09,22,0.18
2025-11-09,23,0.18
2025-11-10,0,0.18
2025-11-10,1,0.18
2025-11-10,2,0.18
2025-11-10,3,0.18
2025-11-10,4,0.18
2025-11-10,5,0.18
2025-11-10,6,0.18
2025-11-10,7,0.18
2025-11-10,8,0.28
2025-11-10,9,0.28
2025-11-10,10,0.28
2025-11-10,11,0.28
2025-11-10,12,0.28
2025-11-10,13,0.28
2025-11-10,14,0.28
2025-11-10,15,0.28
2025-11-10,16,0.28
2025-11-10,17,0.28
2025-11-10,18,0.28
2025-11-10,19,0.28
2025-11-10,20,0.28
2025-11-10,21,0.28
2025-11-10,22,0.18
2025-11-10,23,0.18
2025-11-11,0,0.18
2025-11-11,1,0.18
2025-11-11,2,0.18
2025-11-11,3,0.18
2025-11-11,4,0.18
2025-11-11,5,0.18
2025-11-11,6,0.18
2025-11-11,7,0.18
2025-11-11,8,0.28
2025-11-11,9,0.28
2025-11-11,10,0.28
2025-11-11,11,0.28
2025-11-11,12,0.28
2025-11-11,13,0.28
2025-11-11,14,0.28
2025-11-11,15,0.28
2025-11-11,16,0.28
2025-11-11,17,0.28
2025-11-11,18,0.28
2025-11-11,19,0.28
2025-11-11,20,0.28
2025-11-11,21,0.28
2025-11-11,22,0.18
2025-11-11,23,0.18
2025-11-12,0,0.18
2025-11-12,1,0.18
2025-11-12,2,0.18
2025-11-12,3,0.18
2025-11-12,4,0.18
2025-11-12,5,0.18
2025-11-12,6,0.18
2025-11-12,7,0.18
2025-11-12,8,0.28
2025-11-12,9,0.28
2025-11-12,10,0.28
2025-11-12,11,0.28
2025-11-12,12,0.28
2025-11-12,13,0.28
2025-11-12,14,0.28
2025-11-12,15,0.28
2025-11-12,16,0.28
2025-11-12,17,0.28
2025-11-12,18,0.28
2025-11-12,19,0.28
2025-11-12,20,0.28
2025-11-12,21,0.28
2025-11-12,22,0.18
2025-11-12,23,0.18
2025-11-13,0,0.18
2025-11-13,1,0.18
2025-11-13,2,0.18
2025-11-13,3,0.18
2025-11-13,4,0.18
2025-11-13,5,0.18
2025-11-13,6,0.18
2025-11-13,7,0.18
2025-11-13,8,0.28
2025-11-13,9,0.28
2025-11-13,10,0.28
2025-11-13,11,0.28
2025-11-13,12,0.28
2025-11-13,13,0.28
2025-11-13,14,0.28
2025-11-13,15,0.28
2025-11-13,16,0.28
2025-11-13,17,0.28
2025-11-13,18,0.28
2025-11-13,19,0.28
2025-11-13,20,0.28
2025-11-13,21,0.28
2025-11-13,22,0.18
2025-11-13,23,0.18
2025-11-14,0,0.18
2025-11-14,1,0.18
2025-11-14,2,0.18
2025-11-14,3,0.18
2025-11-14,4,0.18
2025-11-14,5,0.18
2025-11-14,6,0.18
2025-11-14,7,0.18
2025-11-14,8,0.28
2025-11-14,9,0.28
2025-11-14,10,0.28
2025-11-14,11,0.28
2025-11-14,12,0.28
2025-11-14,13,0.28
2025-11-14,14,0.28
2025-11-14,15,0.28
2025-11-14,16,0.28
2025-11-14,17,0.28
2025-11-14,18,0.28
2025-11-14,19,0.28
2025-11-14,20,0.28
2025-11-14,21,0.28
2025-11-14,22,0.18
2025-11-14,23,0.18
2025-11-15,0,0.18
2025-11-15,1,0.18
2025-11-15,2,0.18
2025-11-15,3,0.18
2025-11-15,4,0.18
2025-11-15,5,0.18
2025-11-15,6,0.18
2025-11-15,7,0.18
2025-11-15,8,0.28
2025-11-15,9,0.28
2025-11-15,10,0.28
2025-11-15,11,0.28
2025-11-15,12,0.28
2025-11-15,13,0.28
2025-11-15,14,0.28
2025-11-15,15,0.28
2025-11-15,16,0.28
2025-11-15,17,0.28
2025-11-15,18,0.28
2025-11-15,19,0.28
2025-11-15,20,0.28
2025-11-15,21,0.28
2025-11-15,22,0.18
2025-11-15,23,0.18
2025-11-16,0,0.18
2025-11-16,1,0.18
2025-11-16,2,0.18
2025-11-16,3,0.18
2025-11-16,4,0.18
2025-11-16,5,0.18
2025-11-16,6,0.18
2025-11-16,7,0.18
2025-11-16,8,0.28
2025-11-16,9,0.28
2025-11-16,10,0.28
2025-11-16,11,0.28
2025-11-16,12,0.28
2025-11-16,13,0.28
2025-11-16,14,0.28
2025-11-16,15,0.28
2025-11-16,16,0.28
2025-11-16,17,0.28
2025-11-16,18,0.28
2025-11-16,19,0.28
2025-11-16,20,0.28
2025-11-16,21,0.28
2025-11-16,22,0.18
2025-11-16,23,0.18
2025-11-17,0,0.18
2025-11-17,1,0.18
2025-11-17,2,0.18
2025-11-17,3,0.18
2025-11-17,4,0.18
2025-11-17,5,0.18
2025-11-17,6,0.18
2025-11-17,7,0.18
2025-11-17,8,0.28
2025-11-17,9,0.28
2025-11-17,10,0.28
2025-11-17,11,0.28
2025-11-17,12,0.28
2025-11-17,13,0.28
2025-11-17,14,0.28
2025-11-17,15,0.28
2025-11-17,16,0.28
2025-11-17,17,0.28
2025-11-17,18,0.28
2025-11-17,19,0.28
2025-11-17,20,0.28
2025-11-17,21,0.28
2025-11-17,22,0.18
2025-11-17,23,0.18
2025-11-18,0,0.18
2025-11-18,1,0.18
2025-11-18,2,0.18
2025-11-18,3,0.18
2025-11-18,4,0.18
2025-11-18,5,0.18
2025-11-18,6,0.18
2025-11-18,7,0.18
2025-11-18,8,0.28
2025-11-18,9,0.28
2025-11-18,10,0.28
2025-11-18,11,0.28
2025-11-18,12,0.28
2025-11-18,13,0.28
2025-11-18,14,0.28
2025-11-18,15,0.28
2025-11-18,16,0.28
2025-11-18,17,0.28
2025-11-18,18,0.28
2025-11-18,19,0.28
2025-11-18,20,0.28
2025-11-18,21,0.28
2025-11-18,22,0.18
2025-11-18,23,0.18
2025-11-19,0,0.18
2025-11-19,1,0.18
2025-11-19,2,0.18
2025-11-19,3,0.18
2025-11-19,4,0.18
2025-11-19,5,0.18
2025-11-19,6,0.18
2025-11-19,7,0.18
2025-11-19,8,0.28
2025-11-19,9,0.28
2025-11-19,10,0.28
2025-11-19,11,0.28
2025-11-19,12,0.28
2025-11-19,13,0.28
2025-11-19,14,0.28
2025-11-19,15,0.28
2025-11-19,16,0.28
2025-11-19,17,0.28
2025-11-19,18,0.28
2025-11-19,19,0.28
2025-11-19,20,0.28
2025-11-19,21,0.28
2025-11-19,22,0.18
2025-11-19,23,0.18
2025-11-20,0,0.18
2025-11-20,1,0.18
2025-11-20,2,0.18
2025-11-20,3,0.18
2025-11-20,4,0.18
2025-11-20,5,0.18
2025-11-20,6,0.18
2025-11-20,7,0.18
2025-11-20,8,0.28
2025-11-20,9,0.28
2025-11-20,10,0.28
2025-11-20,11,0.28
2025-11-20,12,0.28
2025-11-20,13,0.28
2025-11-20,14,0.28
2025-11-20,15,0.28
2025-11-20,16,0.28
2025-11-20,17,0.28
2025-11-20,18,0.28
2025-11-20,19,0.28
2025-11-20,20,0.28
2025-11-20,21,0.28
2025-11-20,22,0.18
2025-11-20,23,0.18
2025-11-21,0,0.18
2025-11-21,1,0.18
2025-11-21,2,0.18
2025-11-21,3,0.18
2025-11-21,4,0.18
2025-11-21,5,0.18
2025-11-21,6,0.18
2025-11-21,7,0.18
2025-11-21,8,0.28
2025-11-21,9,0.28
2025-11-21,10,0.28
2025-11-21,11,0.28
2025-11-21,12,0.28
2025-11-21,13,0.28
2025-11-21,14,0.28
2025-11-21,15,0.28
2025-11-21,16,0.28
2025-11-21,17,0.28
2025-11-21,18,0.28
2025-11-21,19,0.28
2025-11-21,20,0.28
2025-11-21,21,0.28
2025-11-21,22,0.18
2025-11-21,23,0.18
2025-11-22,0,0.18
2025-11-22,1,0.18
2025-11-22,2,0.18
2025-11-22,3,0.18
2025-11-22,4,0.18
2025-11-22,5,0.18
2025-11-22,6,0.18
2025-11-22,7,0.18
2025-11-22,8,0.28
2025-11-22,9,0.28
2025-11-22,10,0.28
2025-11-22,11,0.28
2025-11-22,12,0.28
2025-11-22,13,0.28
2025-11-22,14,0.28
2025-11-22,15,0.28
2025-11-22,16,0.28
2025-11-22,17,0.28
2025-11-22,18,0.28
2025-11-22,19,0.28
2025-11-22,20,0.28
2025-11-22,21,0.28
2025-11-22,22,0.18
2025-11-22,23,0.18
2025-11-23,0,0.18
2025-11-23,1,0.18
2025-11-23,2,0.18
2025-11-23,3,0.18
2025-11-23,4,0.18
2025-11-23,5,0.18
2025-11-23,6,0.18
2025-11-23,7,0.18
2025-11-23,8,0.28
2025-11-23,9,0.28
2025-11-23,10,0.28
2025-11-23,11,0.28
2025-11-23,12,0.28
2025-11-23,13,0.28
2025-11-23,14,0.28
2025-11-23,15,0.28
2025-11-23,16,0.28
2025-11-23,17,0.28
2025-11-23,18,0.28
2025-11-23,19,0.28
2025-11-23,20,0.28
2025-11-23,21,0.28
2025-11-23,22,0.18
2025-11-23,23,0.18
2025-11-24,0,0.18
2025-11-24,1,0.18
2025-11-24,2,0.18
2025-11-24,3,0.18
2025-11-24,4,0.18
2025-11-24,5,0.18
2025-11-24,6,0.18
2025-11-24,7,0.18
2025-11-24,8,0.28
2025-11-24,9,0.28
2025-11-24,10,0.28
2025-11-24,11,0.28
2025-11-24,12,0.28
2025-11-24,13,0.28
2025-11-24,14,0.28
2025-11-24,15,0.28
2025-11-24,16,0.28
2025-11-24,17,0.28
2025-11-24,18,0.28
2025-11-24,19,0.28
2025-11-24,20,0.28
2025-11-24,21,0.28
2025-11-24,22,0.18
2025-11-24,23,0.18
2025-11-25,0,0.18
2025-11-25,1,0.18
2025-11-25,2,0.18
2025-11-25,3,0.18
2025-11-25,4,0.18
2025-11-25,5,0.18
2025-11-25,6,0.18
2025-11-25,7,0.18
2025-11-25,8,0.28
2025-11-25,9,0.28
2025-11-25,10,0.28
2025-11-25,11,0.28
2025-11-25,12,0.28
2025-11-25,13,0.28
2025-11-25,14,0.28
2025-11-25,15,0.28
2025-11-25,16,0.28
2025-11-25,17,0.28
2025-11-25,18,0.28
2025-11-25,19,0.28
2025-11-25,20,0.28
2025-11-25,21,0.28
2025-11-25,22,0.18
2025-11-25,23,0.18
2025-11-26,0,0.18
2025-11-26,1,0.18
2025-11-26,2,0.18
2025-11-26,3,0.18
2025-11-26,4,0.18
2025-11-26,5,0.18
2025-11-26,6,0.18
2025-11-26,7,0.18
2025-11-26,8,0.28
2025-11-26,9,0.28
2025-11-26,10,0.28
2025-11-26,11,0.28
2025-11-26,12,0.28
2025-11-26,13,0.28
2025-11-26,14,0.28
2025-11-26,15,0.28
2025-11-26,16,0.28
2025-11-26,17,0.28
2025-11-26,18,0.28
2025-11-26,19,0.28
2025-11-26,20,0.28
2025-11-26,21,0.28
2025-11-26,22,0.18
2025-11-26,23,0.18
2025-11-27,0,0.18
2025-11-27,1,0.18
2025-11-27,2,0.18
2025-11-27,3,0.18
2025-11-27,4,0.18
2025-11-27,5,0.18
2025-11-27,6,0.18
2025-11-27,7,0.18
2025-11-27,8,0.28
2025-11-27,9,0.28
2025-11-27,10,0.28
2025-11-27,11,0.28
2025-11-27,12,0.28
2025-11-27,13,0.28
2025-11-27,14,0.28
2025-11-27,15,0.28
2025-11-27,16,0.28
2025-11-27,17,0.28
2025-11-27,18,0.28
2025-11-27,19,0.28
2025-11-27,20,0.28
2025-11-27,21,0.28
2025-11-27,22,0.18
2025-11-27,23,0.18
2025-11-28,0,0.18
2025-11-28,1,0.18
2025-11-28,2,0.18
2025-11-28,3,0.18
2025-11-28,4,0.18
2025-11-28,5,0.18
2025-11-28,6,0.18
2025-11-28,7,0.18
2025-11-28,8,0.28
2025-11-28,9,0.28
2025-11-28,10,0.28
2025-11-28,11,0.28
2025-11-28,12,0.28
2025-11-28,13,0.28
2025-11-28,14,0.28
2025-11-28,15,0.28
2025-11-28,16,0.28
2025-11-28,17,0.28
2025-11-28,18,0.28
2025-11-28,19,0.28
2025-11-28,20,0.28
2025-11-28,21,0.28
2025-11-28,22,0.18
2025-11-28,23,0.18
2025-11-29,0,0.18
2025-11-29,1,0.18
2025-11-29,2,0.18
2025-11-29,3,0.18
2025-11-29,4,0.18
2025-11-29,5,0.18
2025-11-29,6,0.18
2025-11-29,7,0.18
2025-11-29,8,0.28
2025-11-29,9,0.28
2025-11-29,10,0.28
2025-11-29,11,0.28
2025-11-29,12,0.28
2025-11-29,13,0.28
2025-11-29,14,0.28
2025-11-29,15,0.28
2025-11-29,16,0.28
2025-11-29,17,0.28
2025-11-29,18,0.28
2025-11-29,19,0.28
2025-11-29,20,0.28
2025-11-29,21,0.28
2025-11-29,22,0.18
2025-11-29,23,0.18
2025-11-30,0,0.18
2025-11-30,1,0.18
2025-11-30,2,0.18
2025-11-30,3,0.18
2025-11-30,4,0.18
2025-11-30,5,0.18
2025-11-30,6,0.18
2025-11-30,7,0.18
2025-11-30,8,0.28
2025-11-30,9,0.28
2025-11-30,10,0.28
2025-11-30,11,0.28
2025-11-30,12,0.28
2025-11-30,13,0.28
2025-11-30,14,0.28
2025-11-30,15,0.28
2025-11-30,16,0.28
2025-11-30,17,0.28
2025-11-30,18,0.28
2025-11-30,19,0.28
2025-11-30,20,0.28
2025-11-30,21,0.28
2025-11-30,22,0.18
2025-11-30,23,0.18
2025-12-01,0,0.18
2025-12-01,1,0.18
2025-12-01,2,0.18
2025-12-01,3,0.18
2025-12-01,4,0.18
2025-12-01,5,0.18
2025-12-01,6,0.18
2025-12-01,7,0.18
2025-12-01,8,0.28
2025-12-01,9,0.28
2025-12-01,10,0.28
2025-12-01,11,0.28
2025-12-01,12,0.28
2025-12-01,13,0.28
2025-12-01,14,0.28
2025-12-01,15,0.28
2025-12-01,16,0.28
2025-12-01,17,0.28
2025-12-01,18,0.28
2025-12-01,19,0.28
2025-12-01,20,0.28
2025-12-01,21,0.28
2025-12-01,22,0.18
2025-12-01,23,0.18
2025-12-02,0,0.18
2025-12-02,1,0.18
2025-12-02,2,0.18
2025-12-02,3,0.18
2025-12-02,4,0.18
2025-12-02,5,0.18
2025-12-02,6,0.18
2025-12-02,7,0.18
2025-12-02,8,0.28
2025-12-02,9,0.28
2025-12-02,10,0.28
2025-12-02,11,0.28
2025-12-02,12,0.28
2025-12-02,13,0.28
2025-12-02,14,0.28
2025-12-02,15,0.28
2025-12-02,16,0.28
2025-12-02,17,0.28
2025-12-02,18,0.28
2025-12-02,19,0.28
2025-12-02,20,0.28
2025-12-02,21,0.28
2025-12-02,22,0.18
2025-12-02,23,0.18
2025-12-03,0,0.18
2025-12-03,1,0.18
2025-12-03,2,0.18
2025-12-03,3,0.18
2025-12-03,4,0.18
2025-12-03,5,0.18
2025-12-03,6,0.18
2025-12-03,7,0.18
2025-12-03,8,0.28
2025-12-03,9,0.28
2025-12-03,10,0.28
2025-12-03,11,0.28
2025-12-03,12,0.28
2025-12-03,13,0.28
2025-12-03,14,0.28
2025-12-03,15,0.28
2025-12-03,16,0.28
2025-12-03,17,0.28
2025-12-03,18,0.28
2025-12-03,19,0.28
2025-12-03,20,0.28
2025-12-03,21,0.28
2025-12-03,22,0.18
2025-12-03,23,0.18
2025-12-04,0,0.18
2025-12-04,1,0.18
2025-12-04,2,0.18
2025-12-04,3,0.18
2025-12-04,4,0.18
2025-12-04,5,0.18
2025-12-04,6,0.18
2025-12-04,7,0.18
2025-12-04,8,0.28
2025-12-04,9,0.28
2025-12-04,10,0.28
2025-12-04,11,0.28
2025-12-04,12,0.28
2025-12-04,13,0.28
2025-12-04,14,0.28
2025-12-04,15,0.28
2025-12-04,16,0.28
2025-12-04,17,0.28
2025-12-04,18,0.28
2025-12-04,19,0.28
2025-12-04,20,0.28
2025-12-04,21,0.28
2025-12-04,22,0.18
2025-12-04,23,0.18
2025-12-05,0,0.18
2025-12-05,1,0.18
2025-12-05,2,0.18
2025-12-05,3,0.18
2025-12-05,4,0.18
2025-12-05,5,0.18
2025-12-05,6,0.18
2025-12-05,7,0.18
2025-12-05,8,0.28
2025-12-05,9,0.28
2025-12-05,10,0.28
2025-12-05,11,0.28
2025-12-05,12,0.28
2025-12-05,13,0.28
2025-12-05,14,0.28
2025-12-05,15,0.28
2025-12-05,16,0.28
2025-12-05,17,0.28
2025-12-05,18,0.28
2025-12-05,19,0.28
2025-12-05,20,0.28
2025-12-05,21,0.28
2025-12-05,22,0.18
2025-12-05,23,0.18
2025-12-06,0,0.18
2025-12-06,1,0.18
2025-12-06,2,0.18
2025-12-06,3,0.18
2025-12-06,4,0.18
2025-12-06,5,0.18
2025-12-06,6,0.18
2025-12-06,7,0.18
2025-12-06,8,0.28
2025-12-06,9,0.28
2025-12-06,10,0.28
2025-12-06,11,0.28
2025-12-06,12,0.28
2025-12-06,13,0.28
2025-12-06,14,0.28
2025-12-06,15,0.28
2025-12-06,16,0.28
2025-12-06,17,0.28
2025-12-06,18,0.28
2025-12-06,19,0.28
2025-12-06,20,0.28
2025-12-06,21,0.28
2025-12-06,22,0.18
2025-12-06,23,0.18
2025-12-07,0,0.18
2025-12-07,1,0.18
2025-12-07,2,0.18
2025-12-07,3,0.18
2025-12-07,4,0.18
2025-12-07,5,0.18
2025-12-07,6,0.18
2025-12-07,7,0.18
2025-12-07,8,0.28
2025-12-07,9,0.28
2025-12-07,10,0.28
2025-12-07,11,0.28
2025-12-07,12,0.28
2025-12-07,13,0.28
2025-12-07,14,0.28
2025-12-07,15,0.28
2025-12-07,16,0.28
2025-12-07,17,0.28
2025-12-07,18,0.28
2025-12-07,19,0.28
2025-12-07,20,0.28
2025-12-07,21,0.28
2025-12-07,22,0.18
2025-12-07,23,0.18
2025-12-08,0,0.18
2025-12-08,1,0.18
2025-12-08,2,0.18
2025-12-08,3,0.18
2025-12-08,4,0.18
2025-12-08,5,0.18
2025-12-08,6,0.18
2025-12-08,7,0.18
2025-12-08,8,0.28
2025-12-08,9,0.28
2025-12-08,10,0.28
2025-12-08,11,0.28
2025-12-08,12,0.28
2025-12-08,13,0.28
2025-12-08,14,0.28
2025-12-08,15,0.28
2025-12-08,16,0.28
2025-12-08,17,0.28
2025-12-08,18,0.28
2025-12-08,19,0.28
2025-12-08,20,0.28
2025-12-08,21,0.28
2025-12-08,22,0.18
2025-12-08,23,0.18
2025-12-09,0,0.18
2025-12-09,1,0.18
2025-12-09,2,0.18
2025-12-09,3,0.18
2025-12-09,4,0.18
2025-12-09,5,0.18
2025-12-09,6,0.18
2025-12-09,7,0.18
2025-12-09,8,0.28
2025-12-09,9,0.28
2025-12-09,10,0.28
2025-12-09,11,0.28
2025-12-09,12,0.28
2025-12-09,13,0.28
2025-12-09,14,0.28
2025-12-09,15,0.28
2025-12-09,16,0.28
2025-12-09,17,0.28
2025-12-09,18,0.28
2025-12-09,19,0.28
2025-12-09,20,0.28
2025-12-09,21,0.28
2025-12-09,22,0.18
2025-12-09,23,0.18
2025-12-10,0,0.18
2025-12-10,1,0.18
2025-12-10,2,0.18
2025-12-10,3,0.18
2025-12-10,4,0.18
2025-12-10,5,0.18
2025-12-10,6,0.18
2025-12-10,7,0.18
2025-12-10,8,0.28
2025-12-10,9,0.28
2025-12-10,10,0.28
2025-12-10,11,0.28
2025-12-10,12,0.28
2025-12-10,13,0.28
2025-12-10,14,0.28
2025-12-10,15,0.28
2025-12-10,16,0.28
2025-12-10,17,0.28
2025-12-10,18,0.28
2025-12-10,19,0.28
2025-12-10,20,0.28
2025-12-10,21,0.28
2025-12-10,22,0.18
2025-12-10,23,0.18
2025-12-11,0,0.18
2025-12-11,1,0.18
2025-12-11,2,0.18
2025-12-11,3,0.18
2025-12-11,4,0.18
2025-12-11,5,0.18
2025-12-11,6,0.18
2025-12-11,7,0.18
2025-12-11,8,0.28
2025-12-11,9,0.28
2025-12-11,10,0.28
2025-12-11,11,0.28
2025-12-11,12,0.28
2025-12-11,13,0.28
2025-12-11,14,0.28
2025-12-11,15,0.28
2025-12-11,16,0.28
2025-12-11,17,0.28
2025-12-11,18,0.28
2025-12-11,19,0.28
2025-12-11,20,0.28
2025-12-11,21,0.28
2025-12-11,22,0.18
2025-12-11,23,0.18
2025-12-12,0,0.18
2025-12-12,1,0.18
2025-12-12,2,0.18
2025-12-12,3,0.18
2025-12-12,4,0.18
2025-12-12,5,0.18
2025-12-12,6,0.18
2025-12-12,7,0.18
2025-12-12,8,0.28
2025-12-12,9,0.28
2025-12-12,10,0.28
2025-12-12,11,0.28
2025-12-12,12,0.28
2025-12-12,13,0.28
2025-12-12,14,0.28
2025-12-12,15,0.28
2025-12-12,16,0.28
2025-12-12,17,0.28
2025-12-12,18,0.28
2025-12-12,19,0.28
2025-12-12,20,0.28
2025-12-12,21,0.28
2025-12-12,22,0.18
2025-12-12,23,0.18
2025-12-13,0,0.18
2025-12-13,1,0.18
2025-12-13,2,0.18
2025-12-13,3,0.18
2025-12-13,4,0.18
2025-12-13,5,0.18
2025-12-13,6,0.18
2025-12-13,7,0.18
2025-12-13,8,0.28
2025-12-13,9,0.28
2025-12-13,10,0.28
2025-12-13,11,0.28
2025-12-13,12,0.28
2025-12-13,13,0.28
2025-12-13,14,0.28
2025-12-13,15,0.28
2025-12-13,16,0.28
2025-12-13,17,0.28
2025-12-13,18,0.28
2025-12-13,19,0.28
2025-12-13,20,0.28
2025-12-13,21,0.28
2025-12-13,22,0.18
2025-12-13,23,0.18
2025-12-14,0,0.18
2025-12-14,1,0.18
2025-12-14,2,0.18
2025-12-14,3,0.18
2025-12-14,4,0.18
2025-12-14,5,0.18
2025-12-14,6,0.18
2025-12-14,7,0.18
2025-12-14,8,0.28
2025-12-14,9,0.28
2025-12-14,10,0.28
2025-12-14,11,0.28
2025-12-14,12,0.28
2025-12-14,13,0.28
2025-12-14,14,0.28
2025-12-14,15,0.28
2025-12-14,16,0.28
2025-12-14,17,0.28
2025-12-14,18,0.28
2025-12-14,19,0.28
2025-12-14,20,0.28
2025-12-14,21,0.28
2025-12-14,22,0.18
2025-12-14,23,0.18
2025-12-15,0,0.18
2025-12-15,1,0.18
2025-12-15,2,0.18
2025-12-15,3,0.18
2025-12-15,4,0.18
2025-12-15,5,0.18
2025-12-15,6,0.18
2025-12-15,7,0.18
2025-12-15,8,0.28
2025-12-15,9,0.28
2025-12-15,10,0.28
2025-12-15,11,0.28
2025-12-15,12,0.28
2025-12-15,13,0.28
2025-12-15,14,0.28
2025-12-15,15,0.28
2025-12-15,16,0.28
2025-12-15,17,0.28
2025-12-15,18,0.28
2025-12-15,19,0.28
2025-12-15,20,0.28
2025-12-15,21,0.28
2025-12-15,22,0.18
2025-12-15,23,0.18
2025-12-16,0,0.18
2025-12-16,1,0.18
2025-12-16,2,0.18
2025-12-16,3,0.18
2025-12-16,4,0.18
2025-12-16,5,0.18
2025-12-16,6,0.18
2025-12-16,7,0.18
2025-12-16,8,0.28
2025-12-16,9,0.28
2025-12-16,10,0.28
2025-12-16,11,0.28
2025-12-16,12,0.28
2025-12-16,13,0.28
2025-12-16,14,0.28
2025-12-16,15,0.28
2025-12-16,16,0.28
2025-12-16,17,0.28
2025-12-16,18,0.28
2025-12-16,19,0.28
2025-12-16,20,0.28
2025-12-16,21,0.28
2025-12-16,22,0.18
2025-12-16,23,0.18
2025-12-17,0,0.18
2025-12-17,1,0.18
2025-12-17,2,0.18
2025-12-17,3,0.18
2025-12-17,4,0.18
2025-12-17,5,0.18
2025-12-17,6,0.18
2025-12-17,7,0.18
2025-12-17,8,0.28
2025-12-17,9,0.28
2025-12-17,10,0.28
2025-12-17,11,0.28
2025-12-17,12,0.28
2025-12-17,13,0.28
2025-12-17,14,0.28
2025-12-17,15,0.28
2025-12-17,16,0.28
2025-12-17,17,0.28
2025-12-17,18,0.28
2025-12-17,19,0.28
2025-12-17,20,0.28
2025-12-17,21,0.28
2025-12-17,22,0.18
2025-12-17,23,0.18
2025-12-18,0,0.18
2025-12-18,1,0.18
2025-12-18,2,0.18
2025-12-18,3,0.18
2025-12-18,4,0.18
2025-12-18,5,0.18
2025-12-18,6,0.18
2025-12-18,7,0.18
2025-12-18,8,0.28
2025-12-18,9,0.28
2025-12-18,10,0.28
2025-12-18,11,0.28
2025-12-18,12,0.28
2025-12-18,13,0.28
2025-12-18,14,0.28
2025-12-18,15,0.28
2025-12-18,16,0.28
2025-12-18,17,0.28
2025-12-18,18,0.28
2025-12-18,19,0.28
2025-12-18,20,0.28
2025-12-18,21,0.28
2025-12-18,22,0.18
2025-12-18,23,0.18
2025-12-19,0,0.18
2025-12-19,1,0.18
2025-12-19,2,0.18
2025-12-19,3,0.18
2025-12-19,4,0.18
2025-12-19,5,0.18
2025-12-19,6,0.18
2025-12-19,7,0.18
2025-12-19,8,0.28
2025-12-19,9,0.28
2025-12-19,10,0.28
2025-12-19,11,0.28
2025-12-19,12,0.28
2025-12-19,13,0.28
2025-12-19,14,0.28
2025-12-19,15,0.28
2025-12-19,16,0.28
2025-12-19,17,0.28
2025-12-19,18,0.28
2025-12-19,19,0.28
2025-12-19,20,0.28
2025-12-19,21,0.28
2025-12-19,22,0.18
2025-12-19,23,0.18
2025-12-20,0,0.18
2025-12-20,1,0.18
2025-12-20,2,0.18
2025-12-20,3,0.18
2025-12-20,4,0.18
2025-12-20,5,0.18
2025-12-20,6,0.18
2025-12-20,7,0.18
2025-12-20,8,0.28
2025-12-20,9,0.28
2025-12-20,10,0.28
2025-12-20,11,0.28
2025-12-20,12,0.28
2025-12-20,13,0.28
2025-12-20,14,0.28
2025-12-20,15,0.28
2025-12-20,16,0.28
2025-12-20,17,0.28
2025-12-20,18,0.28
2025-12-20,19,0.28
2025-12-20,20,0.28
2025-12-20,21,0.28
2025-12-20,22,0.18
2025-12-20,23,0.18
2025-12-21,0,0.18
2025-12-21,1,0.18
2025-12-21,2,0.18
2025-12-21,3,0.18
2025-12-21,4,0.18
2025-12-21,5,0.18
2025-12-21,6,0.18
2025-12-21,7,0.18
2025-12-21,8,0.28
2025-12-21,9,0.28
2025-12-21,10,0.28
2025-12-21,11,0.28
2025-12-21,12,0.28
2025-12-21,13,0.28
2025-12-21,14,0.28
2025-12-21,15,0.28
2025-12-21,16,0.28
2025-12-21,17,0.28
2025-12-21,18,0.28
2025-12-21,19,0.28
2025-12-21,20,0.28
2025-12-21,21,0.28
2025-12-21,22,0.18
2025-12-21,23,0.18
2025-12-22,0,0.18
2025-12-22,1,0.18
2025-12-22,2,0.18
2025-12-22,3,0.18
2025-12-22,4,0.18
2025-12-22,5,0.18
2025-12-22,6,0.18
2025-12-22,7,0.18
2025-12-22,8,0.28
2025-12-22,9,0.28
2025-12-22,10,0.28
2025-12-22,11,0.28
2025-12-22,12,0.28
2025-12-22,13,0.28
2025-12-22,14,0.28
2025-12-22,15,0.28
2025-12-22,16,0.28
2025-12-22,17,0.28
2025-12-22,18,0.28
2025-12-22,19,0.28
2025-12-22,20,0.28
2025-12-22,21,0.28
2025-12-22,22,0.18
2025-12-22,23,0.18
2025-12-23,0,0.18
2025-12-23,1,0.18
2025-12-23,2,0.18
2025-12-23,3,0.18
2025-12-23,4,0.18
2025-12-23,5,0.18
2025-12-23,6,0.18
2025-12-23,7,0.18
2025-12-23,8,0.28
2025-12-23,9,0.28
2025-12-23,10,0.28
2025-12-23,11,0.28
2025-12-23,12,0.28
2025-12-23,13,0.28
2025-12-23,14,0.28
2025-12-23,15,0.28
2025-12-23,16,0.28
2025-12-23,17,0.28
2025-12-23,18,0.28
2025-12-23,19,0.28
2025-12-23,20,0.28
2025-12-23,21,0.28
2025-12-23,22,0.18
2025-12-23,23,0.18
2025-12-24,0,0.18
2025-12-24,1,0.18
2025-12-24,2,0.18
2025-12-24,3,0.18
2025-12-24,4,0.18
2025-12-24,5,0.18
2025-12-24,6,0.18
2025-12-24,7,0.18
2025-12-24,8,0.28
2025-12-24,9,0.28
2025-12-24,10,0.28
2025-12-24,11,0.28
2025-12-24,12,0.28
2025-12-24,13,0.28
2025-12-24,14,0.28
2025-12-24,15,0.28
2025-12-24,16,0.28
2025-12-24,17,0.28
2025-12-24,18,0.28
2025-12-24,19,0.28
2025-12-24,20,0.28
2025-12-24,21,0.28
2025-12-24,22,0.18
2025-12-24,23,0.18
2025-12-25,0,0.18
2025-12-25,1,0.18
2025-12-25,2,0.18
2025-12-25,3,0.18
2025-12-25,4,0.18
2025-12-25,5,0.18
2025-12-25,6,0.18
2025-12-25,7,0.18
2025-12-25,8,0.28
2025-12-25,9,0.28
2025-12-25,10,0.28
2025-12-25,11,0.28
2025-12-25,12,0.28
2025-12-25,13,0.28
2025-12-25,14,0.28
2025-12-25,15,0.28
2025-12-25,16,0.28
2025-12-25,17,0.28
2025-12-25,18,0.28
2025-12-25,19,0.28
2025-12-25,20,0.28
2025-12-25,21,0.28
2025-12-25,22,0.18
2025-12-25,23,0.18
2025-12-26,0,0.18
2025-12-26,1,0.18
2025-12-26,2,0.18
2025-12-26,3,0.18
2025-12-26,4,0.18
2025-12-26,5,0.18
2025-12-26,6,0.18
2025-12-26,7,0.18
2025-12-26,8,0.28
2025-12-26,9,0.28
2025-12-26,10,0.28
2025-12-26,11,0.28
2025-12-26,12,0.28
2025-12-26,13,0.28
2025-12-26,14,0.28
2025-12-26,15,0.28
2025-12-26,16,0.28
2025-12-26,17,0.28
2025-12-26,18,0.28
2025-12-26,19,0.28
2025-12-26,20,0.28
2025-12-26,21,0.28
2025-12-26,22,0.18
2025-12-26,23,0.18
2025-12-27,0,0.18
2025-12-27,1,0.18
2025-12-27,2,0.18
2025-12-27,3,0.18
2025-12-27,4,0.18
2025-12-27,5,0.18
2025-12-27,6,0.18
2025-12-27,7,0.18
2025-12-27,8,0.28
2025-12-27,9,0.28
2025-12-27,10,0.28
2025-12-27,11,0.28
2025-12-27,12,0.28
2025-12-27,13,0.28
2025-12-27,14,0.28
2025-12-27,15,0.28
2025-12-27,16,0.28
2025-12-27,17,0.28
2025-12-27,18,0.28
2025-12-27,19,0.28
2025-12-27,20,0.28
2025-12-27,21,0.28
2025-12-27,22,0.18
2025-12-27,23,0.18
2025-12-28,0,0.18
2025-12-28,1,0.18
2025-12-28,2,0.18
2025-12-28,3,0.18
2025-12-28,4,0.18
2025-12-28,5,0.18
2025-12-28,6,0.18
2025-12-28,7,0.18
2025-12-28,8,0.28
2025-12-28,9,0.28
2025-12-28,10,0.28
2025-12-28,11,0.28
2025-12-28,12,0.28
2025-12-28,13,0.28
2025-12-28,14,0.28
2025-12-28,15,0.28
2025-12-28,16,0.28
2025-12-28,17,0.28
2025-12-28,18,0.28
2025-12-28,19,0.28
2025-12-28,20,0.28
2025-12-28,21,0.28
2025-12-28,22,0.18
2025-12-28,23,0.18
2025-12-29,0,0.18
2025-12-29,1,0.18
2025-12-29,2,0.18
2025-12-29,3,0.18
2025-12-29,4,0.18
2025-12-29,5,0.18
2025-12-29,6,0.18
2025-12-29,7,0.18
2025-12-29,8,0.28
2025-12-29,9,0.28
2025-12-29,10,0.28
2025-12-29,11,0.28
2025-12-29,12,0.28
2025-12-29,13,0.28
2025-12-29,14,0.28
2025-12-29,15,0.28
2025-12-29,16,0.28
2025-12-29,17,0.28
2025-12-29,18,0.28
2025-12-29,19,0.28
2025-12-29,20,0.28
2025-12-29,21,0.28
2025-12-29,22,0.18
2025-12-29,23,0.18
2025-12-30,0,0.18
2025-12-30,1,0.18
2025-12-30,2,0.18
2025-12-30,3,0.18
2025-12-30,4,0.18
2025-12-30,5,0.18
2025-12-30,6,0.18
2025-12-30,7,0.18
2025-12-30,8,0.28
2025-12-30,9,0.28
2025-12-30,10,0.28
2025-12-30,11,0.28
2025-12-30,12,0.28
2025-12-30,13,0.28
2025-12-30,14,0.28
2025-12-30,15,0.28
2025-12-30,16,0.28
2025-12-30,17,0.28
2025-12-30,18,0.28
2025-12-30,19,0.28
2025-12-30,20,0.28
2025-12-30,21,0.28
2025-12-30,22,0.18
2025-12-30,23,0.18
2025-12-31,0,0.18
2025-12-31,1,0.18
2025-12-31,2,0.18
2025-12-31,3,0.18
2025-12-31,4,0.18
2025-12-31,5,0.18
2025-12-31,6,0.18
2025-12-31,7,0.18
2025-12-31,8,0.28
2025-12-31,9,0.28
2025-12-31,10,0.28
2025-12-31,11,0.28
2025-12-31,12,0.28
2025-12-31,13,0.28
2025-12-31,14,0.28
2025-12-31,15,0.28
2025-12-31,16,0.28
2025-12-31,17,0.28
2025-12-31,18,0.28
2025-12-31,19,0.28
2025-12-31,20,0.28
2025-12-31,21,0.28
2025-12-31,22,0.18
2025-12-31,23,0.18
2026-01-01,0,0.18
2026-01-01,1,0.18
2026-01-01,2,0.18
2026-01-01,3,0.18
2026-01-01,4,0.18
2026-01-01,5,0.18
2026-01-01,6,0.18
2026-01-01,7,0.18
2026-01-01,8,0.28
2026-01-01,9,0.28
2026-01-01,10,0.28
2026-01-01,11,0.28
2026-01-01,12,0.28
2026-01-01,13,0.28
2026-01-01,14,0.28
2026-01-01,15,0.28
2026-01-01,16,0.28
2026-01-01,17,0.28
2026-01-01,18,0.28
2026-01-01,19,0.28
2026-01-01,20,0.28
2026-01-01,21,0.28
2026-01-01,22,0.18
2026-01-01,23,0.18
2026-01-02,0,0.18
2026-01-02,1,0.18
2026-01-02,2,0.18
2026-01-02,3,0.18
2026-01-02,4,0.18
2026-01-02,5,0.18
2026-01-02,6,0.18
2026-01-02,7,0.18
2026-01-02,8,0.28
2026-01-02,9,0.28
2026-01-02,10,0.28
2026-01-02,11,0.28
2026-01-02,12,0.28
2026-01-02,13,0.28
2026-01-02,14,0.28
2026-01-02,15,0.28
2026-01-02,16,0.28
2026-01-02,17,0.28
2026-01-02,18,0.28
2026-01-02,19,0.28
2026-01-02,20,0.28
2026-01-02,21,0.28
2026-01-02,22,0.18
2026-01-02,23,0.18
2026-01-03,0,0.18
2026-01-03,1,0.18
2026-01-03,2,0.18
2026-01-03,3,0.18
2026-01-03,4,0.18
2026-01-03,5,0.18
2026-01-03,6,0.18
2026-01-03,7,0.18
2026-01-03,8,0.28
2026-01-03,9,0.28
2026-01-03,10,0.28
2026-01-03,11,0.28
2026-01-03,12,0.28
2026-01-03,13,0.28
2026-01-03,14,0.28
2026-01-03,15,0.28
2026-01-03,16,0.28
2026-01-03,17,0.28
2026-01-03,18,0.28
2026-01-03,19,0.28
2026-01-03,20,0.28
2026-01-03,21,0.28
2026-01-03,22,0.18
2026-01-03,23,0.18
2026-01-04,0,0.18
2026-01-04,1,0.18
2026-01-04,2,0.18
2026-01-04,3,0.18
2026-01-04,4,0.18
2026-01-04,5,0.18
2026-01-04,6,0.18
2026-01-04,7,0.18
2026-01-04,8,0.28
2026-01-04,9,0.28
2026-01-04,10,0.28
2026-01-04,11,0.28
2026-01-04,12,0.28
2026-01-04,13,0.28
2026-01-04,14,0.28
2026-01-04,15,0.28
2026-01-04,16,0.28
2026-01-04,17,0.28
2026-01-04,18,0.28
2026-01-04,19,0.28
2026-01-04,20,0.28
2026-01-04,21,0.28
2026-01-04,22,0.18
2026-01-04,23,0.18
2026-01-05,0,0.18
2026-01-05,1,0.18
2026-01-05,2,0.18
2026-01-05,3,0.18
2026-01-05,4,0.18
2026-01-05,5,0.18
2026-01-05,6,0.18
2026-01-05,7,0.18
2026-01-05,8,0.28
2026-01-05,9,0.28
2026-01-05,10,0.28
2026-01-05,11,0.28
2026-01-05,12,0.28
2026-01-05,13,0.28
2026-01-05,14,0.28
2026-01-05,15,0.28
2026-01-05,16,0.28
2026-01-05,17,0.28
2026-01-05,18,0.28
2026-01-05,19,0.28
2026-01-05,20,0.28
2026-01-05,21,0.28
2026-01-05,22,0.18
2026-01-05,23,0.18
2026-01-06,0,0.18
2026-01-06,1,0.18
2026-01-06,2,0.18
2026-01-06,3,0.18
2026-01-06,4,0.18
2026-01-06,5,0.18
2026-01-06,6,0.18
2026-01-06,7,0.18
2026-01-06,8,0.28
2026-01-06,9,0.28
2026-01-06,10,0.28
2026-01-06,11,0.28
2026-01-06,12,0.28
2026-01-06,13,0.28
2026-01-06,14,0.28
2026-01-06,15,0.28
2026-01-06,16,0.28
2026-01-06,17,0.28
2026-01-06,18,0.28
2026-01-06,19,0.28
2026-01-06,20,0.28
2026-01-06,21,0.28
2026-01-06,22,0.18
2026-01-06,23,0.18
2026-01-07,0,0.18
2026-01-07,1,0.18
2026-01-07,2,0.18
2026-01-07,3,0.18
2026-01-07,4,0.18
2026-01-07,5,0.18
2026-01-07,6,0.18
2026-01-07,7,0.18
2026-01-07,8,0.28
2026-01-07,9,0.28
2026-01-07,10,0.28
2026-01-07,11,0.28
2026-01-07,12,0.28
2026-01-07,13,0.28
2026-01-07,14,0.28
2026-01-07,15,0.28
2026-01-07,16,0.28
2026-01-07,17,0.28
2026-01-07,18,0.28
2026-01-07,19,0.28
2026-01-07,20,0.28
2026-01-07,21,0.28
2026-01-07,22,0.18
2026-01-07,23,0.18
2026-01-08,0,0.18
2026-01-08,1,0.18
2026-01-08,2,0.18
2026-01-08,3,0.18
2026-01-08,4,0.18
2026-01-08,5,0.18
2026-01-08,6,0.18
2026-01-08,7,0.18
2026-01-08,8,0.28
2026-01-08,9,0.28
2026-01-08,10,0.28
2026-01-08,11,0.28
2026-01-08,12,0.28
2026-01-08,13,0.28
2026-01-08,14,0.28
2026-01-08,15,0.28
2026-01-08,16,0.28
2026-01-08,17,0.28
2026-01-08,18,0.28
2026-01-08,19,0.28
2026-01-08,20,0.28
2026-01-08,21,0.28
2026-01-08,22,0.18
2026-01-08,23,0.18
2026-01-09,0,0.18
2026-01-09,1,0.18
2026-01-09,2,0.18
2026-01-09,3,0.18
2026-01-09,4,0.18
2026-01-09,5,0.18
2026-01-09,6,0.18
2026-01-09,7,0.18
2026-01-09,8,0.28
2026-01-09,9,0.28
2026-01-09,10,0.28
2026-01-09,11,0.28
2026-01-09,12,0.28
2026-01-09,13,0.28
2026-01-09,14,0.28
2026-01-09,15,0.28
2026-01-09,16,0.28
2026-01-09,17,0.28
2026-01-09,18,0.28
2026-01-09,19,0.28
2026-01-09,20,0.28
2026-01-09,21,0.28
2026-01-09,22,0.18
2026-01-09,23,0.18
2026-01-10,0,0.18
2026-01-10,1,0.18
2026-01-10,2,0.18
2026-01-10,3,0.18
2026-01-10,4,0.18
2026-01-10,5,0.18
2026-01-10,6,0.18
2026-01-10,7,0.18
2026-01-10,8,0.28
2026-01-10,9,0.28
2026-01-10,10,0.28
2026-01-10,11,0.28
2026-01-10,12,0.28
2026-01-10,13,0.28
2026-01-10,14,0.28
2026-01-10,15,0.28
2026-01-10,16,0.28
2026-01-10,17,0.28
2026-01-10,18,0.28
2026-01-10,19,0.28
2026-01-10,20,0.28
2026-01-10,21,0.28
2026-01-10,22,0.18
2026-01-10,23,0.18
2026-01-11,0,0.18
2026-01-11,1,0.18
2026-01-11,2,0.18
2026-01-11,3,0.18
2026-01-11,4,0.18
2026-01-11,5,0.18
2026-01-11,6,0.18
2026-01-11,7,0.18
2026-01-11,8,0.28
2026-01-11,9,0.28
2026-01-11,10,0.28
2026-01-11,11,0.28
2026-01-11,12,0.28
2026-01-11,13,0.28
2026-01-11,14,0.28
2026-01-11,15,0.28
2026-01-11,16,0.28
2026-01-11,17,0.28
2026-01-11,18,0.28
2026-01-11,19,0.28
2026-01-11,20,0.28
2026-01-11,21,0.28
2026-01-11,22,0.18
2026-01-11,23,0.18
2026-01-12,0,0.18
2026-01-12,1,0.18
2026-01-12,2,0.18
2026-01-12,3,0.18
2026-01-12,4,0.18
2026-01-12,5,0.18
2026-01-12,6,0.18
2026-01-12,7,0.18
2026-01-12,8,0.28
2026-01-12,9,0.28
2026-01-12,10,0.28
2026-01-12,11,0.28
2026-01-12,12,0.28
2026-01-12,13,0.28
2026-01-12,14,0.28
2026-01-12,15,0.28
2026-01-12,16,0.28
2026-01-12,17,0.28
2026-01-12,18,0.28
2026-01-12,19,0.28
2026-01-12,20,0.28
2026-01-12,21,0.28
2026-01-12,22,0.18
2026-01-12,23,0.18
2026-01-13,0,0.18
2026-01-13,1,0.18
2026-01-13,2,0.18
2026-01-13,3,0.18
2026-01-13,4,0.18
2026-01-13,5,0.18
2026-01-13,6,0.18
2026-01-13,7,0.18
2026-01-13,8,0.28
2026-01-13,9,0.28
2026-01-13,10,0.28
2026-01-13,11,0.28
2026-01-13,12,0.28
2026-01-13,13,0.28
2026-01-13,14,0.28
2026-01-13,15,0.28
2026-01-13,16,0.28
2026-01-13,17,0.28
2026-01-13,18,0.28
2026-01-13,19,0.28
2026-01-13,20,0.28
2026-01-13,21,0.28
2026-01-13,22,0.18
2026-01-13,23,0.18
2026-01-14,0,0.18
2026-01-14,1,0.18
2026-01-14,2,0.18
2026-01-14,3,0.18
2026-01-14,4,0.18
2026-01-14,5,0.18
2026-01-14,6,0.18
2026-01-14,7,0.18
2026-01-14,8,0.28
2026-01-14,9,0.28
2026-01-14,10,0.28
2026-01-14,11,0.28
2026-01-14,12,0.28
2026-01-14,13,0.28
2026-01-14,14,0.28
2026-01-14,15,0.28
2026-01-14,16,0.28
2026-01-14,17,0.28
2026-01-14,18,0.28
2026-01-14,19,0.28
2026-01-14,20,0.28
2026-01-14,21,0.28
2026-01-14,22,0.18
2026-01-14,23,0.18
2026-01-15,0,0.18
2026-01-15,1,0.18
2026-01-15,2,0.18
2026-01-15,3,0.18
2026-01-15,4,0.18
2026-01-15,5,0.18
2026-01-15,6,0.18
2026-01-15,7,0.18
2026-01-15,8,0.28
2026-01-15,9,0.28
2026-01-15,10,0.28
2026-01-15,11,0.28
2026-01-15,12,0.28
2026-01-15,13,0.28
2026-01-15,14,0.28
2026-01-15,15,0.28
2026-01-15,16,0.28
2026-01-15,17,0.28
2026-01-15,18,0.28
2026-01-15,19,0.28
2026-01-15,20,0.28
2026-01-15,21,0.28
2026-01-15,22,0.18
2026-01-15,23,0.18
2026-01-16,0,0.18
2026-01-16,1,0.18
2026-01-16,2,0.18
2026-01-16,3,0.18
2026-01-16,4,0.18
2026-01-16,5,0.18
2026-01-16,6,0.18
2026-01-16,7,0.18
2026-01-16,8,0.28
2026-01-16,9,0.28
2026-01-16,10,0.28
2026-01-16,11,0.28
2026-01-16,12,0.28
2026-01-16,13,0.28
2026-01-16,14,0.28
2026-01-16,15,0.28
2026-01-16,16,0.28
2026-01-16,17,0.28
2026-01-16,18,0.28
2026-01-16,19,0.28
2026-01-16,20,0.28
2026-01-16,21,0.28
2026-01-16,22,0.18
2026-01-16,23,0.18
2026-01-17,0,0.18
2026-01-17,1,0.18
2026-01-17,2,0.18
2026-01-17,3,0.18
2026-01-17,4,0.18
2026-01-17,5,0.18
2026-01-17,6,0.18
2026-01-17,7,0.18
2026-01-17,8,0.28
2026-01-17,9,0.28
2026-01-17,10,0.28
2026-01-17,11,0.28
2026-01-17,12,0.28
2026-01-17,13,0.28
2026-01-17,14,0.28
2026-01-17,15,0.28
2026-01-17,16,0.28
2026-01-17,17,0.28
2026-01-17,18,0.28
2026-01-17,19,0.28
2026-01-17,20,0.28
2026-01-17,21,0.28
2026-01-17,22,0.18
2026-01-17,23,0.18
2026-01-18,0,0.18
2026-01-18,1,0.18
2026-01-18,2,0.18
2026-01-18,3,0.18
2026-01-18,4,0.18
2026-01-18,5,0.18
2026-01-18,6,0.18
2026-01-18,7,0.18
2026-01-18,8,0.28
2026-01-18,9,0.28
2026-01-18,10,0.28
2026-01-18,11,0.28
2026-01-18,12,0.28
2026-01-18,13,0.28
2026-01-18,14,0.28
2026-01-18,15,0.28
2026-01-18,16,0.28
2026-01-18,17,0.28
2026-01-18,18,0.28
2026-01-18,19,0.28
2026-01-18,20,0.28
2026-01-18,21,0.28
2026-01-18,22,0.18
2026-01-18,23,0.18
2026-01-19,0,0.18
2026-01-19,1,0.18
2026-01-19,2,0.18
2026-01-19,3,0.18
2026-01-19,4,0.18
2026-01-19,5,0.18
2026-01-19,6,0.18
2026-01-19,7,0.18
2026-01-19,8,0.28
2026-01-19,9,0.28
2026-01-19,10,0.28
2026-01-19,11,0.28
2026-01-19,12,0.28
2026-01-19,13,0.28
2026-01-19,14,0.28
2026-01-19,15,0.28
2026-01-19,16,0.28
2026-01-19,17,0.28
2026-01-19,18,0.28
2026-01-19,19,0.28
2026-01-19,20,0.28
2026-01-19,21,0.28
2026-01-19,22,0.18
2026-01-19,23,0.18
2026-01-20,0,0.18
2026-01-20,1,0.18
2026-01-20,2,0.18
2026-01-20,3,0.18
2026-01-20,4,0.18
2026-01-20,5,0.18
2026-01-20,6,0.18
2026-01-20,7,0.18
2026-01-20,8,0.28
2026-01-20,9,0.28
2026-01-20,10,0.28
2026-01-20,11,0.28
2026-01-20,12,0.28
2026-01-20,13,0.28
2026-01-20,14,0.28
2026-01-20,15,0.28
2026-01-20,16,0.28
2026-01-20,17,0.28
2026-01-20,18,0.28
2026-01-20,19,0.28
2026-01-20,20,0.28
2026-01-20,21,0.28
2026-01-20,22,0.18
2026-01-20,23,0.18
2026-01-21,0,0.18
2026-01-21,1,0.18
2026-01-21,2,0.18
2026-01-21,3,0.18
2026-01-21,4,0.18
2026-01-21,5,0.18
2026-01-21,6,0.18
2026-01-21,7,0.18
2026-01-21,8,0.28
2026-01-21,9,0.28
2026-01-21,10,0.28
2026-01-21,11,0.28
2026-01-21,12,0.28
2026-01-21,13,0.28
2026-01-21,14,0.28
2026-01-21,15,0.28
2026-01-21,16,0.28
2026-01-21,17,0.28
2026-01-21,18,0.28
2026-01-21,19,0.28
2026-01-21,20,0.28
2026-01-21,21,0.28
2026-01-21,22,0.18
2026-01-21,23,0.18
2026-01-22,0,0.18
2026-01-22,1,0.18
2026-01-22,2,0.18
2026-01-22,3,0.18
2026-01-22,4,0.18
2026-01-22,5,0.18
2026-01-22,6,0.18
2026-01-22,7,0.18
2026-01-22,8,0.28
2026-01-22,9,0.28
2026-01-22,10,0.28
2026-01-22,11,0.28
2026-01-22,12,0.28
2026-01-22,13,0.28
2026-01-22,14,0.28
2026-01-22,15,0.28
2026-01-22,16,0.28
2026-01-22,17,0.28
2026-01-22,18,0.28
2026-01-22,19,0.28
2026-01-22,20,0.28
2026-01-22,21,0.28
2026-01-22,22,0.18
2026-01-22,23,0.18
2026-01-23,0,0.18
2026-01-23,1,0.18
2026-01-23,2,0.18
2026-01-23,3,0.18
2026-01-23,4,0.18
2026-01-23,5,0.18
2026-01-23,6,0.18
2026-01-23,7,0.18
2026-01-23,8,0.28
2026-01-23,9,0.28
2026-01-23,10,0.28
2026-01-23,11,0.28
2026-01-23,12,0.28
2026-01-23,13,0.28
2026-01-23,14,0.28
2026-01-23,15,0.28
2026-01-23,16,0.28
2026-01-23,17,0.28
2026-01-23,18,0.28
2026-01-23,19,0.28
2026-01-23,20,0.28
2026-01-23,21,0.28
2026-01-23,22,0.18
2026-01-23,23,0.18
2026-01-24,0,0.18
2026-01-24,1,0.18
2026-01-24,2,0.18
2026-01-24,3,0.18
2026-01-24,4,0.18
2026-01-24,5,0.18
2026-01-24,6,0.18
2026-01-24,7,0.18
2026-01-24,8,0.28
2026-01-24,9,0.28
2026-01-24,10,0.28
2026-01-24,11,0.28
2026-01-24,12,0.28
2026-01-24,13,0.28
2026-01-24,14,0.28
2026-01-24,15,0.28
2026-01-24,16,0.28
2026-01-24,17,0.28
2026-01-24,18,0.28
2026-01-24,19,0.28
2026-01-24,20,0.28
2026-01-24,21,0.28
2026-01-24,22,0.18
2026-01-24,23,0.18
2026-01-25,0,0.18
2026-01-25,1,0.18
2026-01-25,2,0.18
2026-01-25,3,0.18
2026-01-25,4,0.18
2026-01-25,5,0.18
2026-01-25,6,0.18
2026-01-25,7,0.18
2026-01-25,8,0.28
2026-01-25,9,0.28
2026-01-25,10,0.28
2026-01-25,11,0.28
2026-01-25,12,0.28
2026-01-25,13,0.28
2026-01-25,14,0.28
2026-01-25,15,0.28
2026-01-25,16,0.28
2026-01-25,17,0.28
2026-01-25,18,0.28
2026-01-25,19,0.28
2026-01-25,20,0.28
2026-01-25,21,0.28
2026-01-25,22,0.18
2026-01-25,23,0.18
2026-01-26,0,0.18
2026-01-26,1,0.18
2026-01-26,2,0.18
2026-01-26,3,0.18
2026-01-26,4,0.18
2026-01-26,5,0.18
2026-01-26,6,0.18
2026-01-26,7,0.18
2026-01-26,8,0.28
2026-01-26,9,0.28
2026-01-26,10,0.28
2026-01-26,11,0.28
2026-01-26,12,0.28
2026-01-26,13,0.28
2026-01-26,14,0.28
2026-01-26,15,0.28
2026-01-26,16,0.28
2026-01-26,17,0.28
2026-01-26,18,0.28
2026-01-26,19,0.28
2026-01-26,20,0.28
2026-01-26,21,0.28
2026-01-26,22,0.18
2026-01-26,23,0.18
2026-01-27,0,0.18
2026-01-27,1,0.18
2026-01-27,2,0.18
2026-01-27,3,0.18
2026-01-27,4,0.18
2026-01-27,5,0.18
2026-01-27,6,0.18
2026-01-27,7,0.18
2026-01-27,8,0.28
2026-01-27,9,0.28
2026-01-27,10,0.28
2026-01-27,11,0.28
2026-01-27,12,0.28
2026-01-27,13,0.28
2026-01-27,14,0.28
2026-01-27,15,0.28
2026-01-27,16,0.28
2026-01-27,17,0.28
2026-01-27,18,0.28
2026-01-27,19,0.28
2026-01-27,20,0.28
2026-01-27,21,0.28
2026-01-27,22,0.18
2026-01-27,23,0.18
2026-01-28,0,0.18
2026-01-28,1,0.18
2026-01-28,2,0.18
2026-01-28,3,0.18
2026-01-28,4,0.18
2026-01-28,5,0.18
2026-01-28,6,0.18
2026-01-28,7,0.18
2026-01-28,8,0.28
2026-01-28,9,0.28
2026-01-28,10,0.28
2026-01-28,11,0.28
2026-01-28,12,0.28
2026-01-28,13,0.28
2026-01-28,14,0.28
2026-01-28,15,0.28
2026-01-28,16,0.28
2026-01-28,17,0.28
2026-01-28,18,0.28
2026-01-28,19,0.28
2026-01-28,20,0.28
2026-01-28,21,0.28
2026-01-28,22,0.18
2026-01-28,23,0.18
2026-01-29,0,0.18
2026-01-29,1,0.18
2026-01-29,2,0.18
2026-01-29,3,0.18
2026-01-29,4,0.18
2026-01-29,5,0.18
2026-01-29,6,0.18
2026-01-29,7,0.18
2026-01-29,8,0.28
2026-01-29,9,0.28
2026-01-29,10,0.28
2026-01-29,11,0.28
2026-01-29,12,0.28
2026-01-29,13,0.28
2026-01-29,14,0.28
2026-01-29,15,0.28
2026-01-29,16,0.28
2026-01-29,17,0.28
2026-01-29,18,0.28
2026-01-29,19,0.28
2026-01-29,20,0.28
2026-01-29,21,0.28
2026-01-29,22,0.18
2026-01-29,23,0.18
2026-01-30,0,0.18
2026-01-30,1,0.18
2026-01-30,2,0.18
2026-01-30,3,0.18
2026-01-30,4,0.18
2026-01-30,5,0.18
2026-01-30,6,0.18
2026-01-30,7,0.18
2026-01-30,8,0.28
2026-01-30,9,0.28
2026-01-30,10,0.28
2026-01-30,11,0.28
2026-01-30,12,0.28
2026-01-30,13,0.28
2026-01-30,14,0.28
2026-01-30,15,0.28
2026-01-30,16,0.28
2026-01-30,17,0.28
2026-01-30,18,0.28
2026-01-30,19,0.28
2026-01-30,20,0.28
2026-01-30,21,0.28
2026-01-30,22,0.18
2026-01-30,23,0.18
2026-01-31,0,0.18
2026-01-31,1,0.18
2026-01-31,2,0.18
2026-01-31,3,0.18
2026-01-31,4,0.18
2026-01-31,5,0.18
2026-01-31,6,0.18
2026-01-31,7,0.18
2026-01-31,8,0.28
2026-01-31,9,0.28
2026-01-31,10,0.28
2026-01-31,11,0.28
2026-01-31,12,0.28
2026-01-31,13,0.28
2026-01-31,14,0.28
2026-01-31,15,0.28
2026-01-31,16,0.28
2026-01-31,17,0.28
2026-01-31,18,0.28
2026-01-31,19,0.28
2026-01-31,20,0.28
2026-01-31,21,0.28
2026-01-31,22,0.18
2026-01-31,23,0.18
2026-02-01,0,0.18
2026-02-01,1,0.18
2026-02-01,2,0.18
2026-02-01,3,0.18
2026-02-01,4,0.18
2026-02-01,5,0.18
2026-02-01,6,0.18
2026-02-01,7,0.18
2026-02-01,8,0.28
2026-02-01,9,0.28
2026-02-01,10,0.28
2026-02-01,11,0.28
2026-02-01,12,0.28
2026-02-01,13,0.28
2026-02-01,14,0.28
2026-02-01,15,0.28
2026-02-01,16,0.28
2026-02-01,17,0.28
2026-02-01,18,0.28
2026-02-01,19,0.28
2026-02-01,20,0.28
2026-02-01,21,0.28
2026-02-01,22,0.18
2026-02-01,23,0.18
2026-02-02,0,0.18
2026-02-02,1,0.18
2026-02-02,2,0.18
2026-02-02,3,0.18
2026-02-02,4,0.18
2026-02-02,5,0.18
2026-02-02,6,0.18
2026-02-02,7,0.18
2026-02-02,8,0.28
2026-02-02,9,0.28
2026-02-02,10,0.28
2026-02-02,11,0.28
2026-02-02,12,0.28
2026-02-02,13,0.28
2026-02-02,14,0.28
2026-02-02,15,0.28
2026-02-02,16,0.28
2026-02-02,17,0.28
2026-02-02,18,0.28
2026-02-02,19,0.28
2026-02-02,20,0.28
2026-02-02,21,0.28
2026-02-02,22,0.18
2026-02-02,23,0.18
2026-02-03,0,0.18
2026-02-03,1,0.18
2026-02-03,2,0.18
2026-02-03,3,0.18
2026-02-03,4,0.18
2026-02-03,5,0.18
2026-02-03,6,0.18
2026-02-03,7,0.18
2026-02-03,8,0.28
2026-02-03,9,0.28
2026-02-03,10,0.28
2026-02-03,11,0.28
2026-02-03,12,0.28
2026-02-03,13,0.28
2026-02-03,14,0.28
2026-02-03,15,0.28
2026-02-03,16,0.28
2026-02-03,17,0.28
2026-02-03,18,0.28
2026-02-03,19,0.28
2026-02-03,20,0.28
2026-02-03,21,0.28
2026-02-03,22,0.18
2026-02-03,23,0.18
2026-02-04,0,0.18
2026-02-04,1,0.18
2026-02-04,2,0.18
2026-02-04,3,0.18
2026-02-04,4,0.18
2026-02-04,5,0.18
2026-02-04,6,0.18
2026-02-04,7,0.18
2026-02-04,8,0.28
2026-02-04,9,0.28
2026-02-04,10,0.28
2026-02-04,11,0.28
2026-02-04,12,0.28
2026-02-04,13,0.28
2026-02-04,14,0.28
2026-02-04,15,0.28
2026-02-04,16,0.28
2026-02-04,17,0.28
2026-02-04,18,0.28
2026-02-04,19,0.28
2026-02-04,20,0.28
2026-02-04,21,0.28
2026-02-04,22,0.18
2026-02-04,23,0.18
2026-02-05,0,0.18
2026-02-05,1,0.18
2026-02-05,2,0.18
2026-02-05,3,0.18
2026-02-05,4,0.18
2026-02-05,5,0.18
2026-02-05,6,0.18
2026-02-05,7,0.18
2026-02-05,8,0.28
2026-02-05,9,0.28
2026-02-05,10,0.28
2026-02-05,11,0.28
2026-02-05,12,0.28
2026-02-05,13,0.28
2026-02-05,14,0.28
2026-02-05,15,0.28
2026-02-05,16,0.28
2026-02-05,17,0.28
2026-02-05,18,0.28
2026-02-05,19,0.28
2026-02-05,20,0.28
2026-02-05,21,0.28
2026-02-05,22,0.18
2026-02-05,23,0.18
2026-02-06,0,0.18
2026-02-06,1,0.18
2026-02-06,2,0.18
2026-02-06,3,0.18
2026-02-06,4,0.18
2026-02-06,5,0.18
2026-02-06,6,0.18
2026-02-06,7,0.18
2026-02-06,8,0.28
2026-02-06,9,0.28
2026-02-06,10,0.28
2026-02-06,11,0.28
2026-02-06,12,0.28
2026-02-06,13,0.28
2026-02-06,14,0.28
2026-02-06,15,0.28
2026-02-06,16,0.28
2026-02-06,17,0.28
2026-02-06,18,0.28
2026-02-06,19,0.28
2026-02-06,20,0.28
2026-02-06,21,0.28
2026-02-06,22,0.18
2026-02-06,23,0.18
2026-02-07,0,0.18
2026-02-07,1,0.18
2026-02-07,2,0.18
2026-02-07,3,0.18
2026-02-07,4,0.18
2026-02-07,5,0.18
2026-02-07,6,0.18
2026-02-07,7,0.18
2026-02-07,8,0.28
2026-02-07,9,0.28
2026-02-07,10,0.28
2026-02-07,11,0.28
2026-02-07,12,0.28
2026-02-07,13,0.28
2026-02-07,14,0.28
2026-02-07,15,0.28
2026-02-07,16,0.28
2026-02-07,17,0.28
2026-02-07,18,0.28
2026-02-07,19,0.28
2026-02-07,20,0.28
2026-02-07,21,0.28
2026-02-07,22,0.18
2026-02-07,23,0.18
2026-02-08,0,0.18
2026-02-08,1,0.18
2026-02-08,2,0.18
2026-02-08,3,0.18
2026-02-08,4,0.18
2026-02-08,5,0.18
2026-02-08,6,0.18
2026-02-08,7,0.18
2026-02-08,8,0.28
2026-02-08,9,0.28
2026-02-08,10,0.28
2026-02-08,11,0.28
2026-02-08,12,0.28
2026-02-08,13,0.28
2026-02-08,14,0.28
2026-02-08,15,0.28
2026-02-08,16,0.28
2026-02-08,17,0.28
2026-02-08,18,0.28
2026-02-08,19,0.28
2026-02-08,20,0.28
2026-02-08,21,0.28
2026-02-08,22,0.18
2026-02-08,23,0.18
2026-02-09,0,0.18
2026-02-09,1,0.18
2026-02-09,2,0.18
2026-02-09,3,0.18
2026-02-09,4,0.18
2026-02-09,5,0.18
2026-02-09,6,0.18
2026-02-09,7,0.18
2026-02-09,8,0.28
2026-02-09,9,0.28
2026-02-09,10,0.28
2026-02-09,11,0.28
2026-02-09,12,0.28
2026-02-09,13,0.28
2026-02-09,14,0.28
2026-02-09,15,0.28
2026-02-09,16,0.28
2026-02-09,17,0.28
2026-02-09,18,0.28
2026-02-09,19,0.28
2026-02-09,20,0.28
2026-02-09,21,0.28
2026-02-09,22,0.18
2026-02-09,23,0.18
2026-02-10,0,0.18
2026-02-10,1,0.18
2026-02-10,2,0.18
2026-02-10,3,0.18
2026-02-10,4,0.18
2026-02-10,5,0.18
2026-02-10,6,0.18
2026-02-10,7,0.18
2026-02-10,8,0.28
2026-02-10,9,0.28
2026-02-10,10,0.28
2026-02-10,11,0.28
2026-02-10,12,0.28
2026-02-10,13,0.28
2026-02-10,14,0.28
2026-02-10,15,0.28
2026-02-10,16,0.28
2026-02-10,17,0.28
2026-02-10,18,0.28
2026-02-10,19,0.28
2026-02-10,20,0.28
2026-02-10,21,0.28
2026-02-10,22,0.18
2026-02-10,23,0.18
2026-02-11,0,0.18
2026-02-11,1,0.18
2026-02-11,2,0.18
2026-02-11,3,0.18
2026-02-11,4,0.18
2026-02-11,5,0.18
2026-02-11,6,0.18
2026-02-11,7,0.18
2026-02-11,8,0.28
2026-02-11,9,0.28
2026-02-11,10,0.28
2026-02-11,11,0.28
2026-02-11,12,0.28
2026-02-11,13,0.28
2026-02-11,14,0.28
2026-02-11,15,0.28
2026-02-11,16,0.28
2026-02-11,17,0.28
2026-02-11,18,0.28
2026-02-11,19,0.28
2026-02-11,20,0.28
2026-02-11,21,0.28
2026-02-11,22,0.18
2026-02-11,23,0.18
2026-02-12,0,0.18
2026-02-12,1,0.18
2026-02-12,2,0.18
2026-02-12,3,0.18
2026-02-12,4,0.18
2026-02-12,5,0.18
2026-02-12,6,0.18
2026-02-12,7,0.18
2026-02-12,8,0.28
2026-02-12,9,0.28
2026-02-12,10,0.28
2026-02-12,11,0.28
2026-02-12,12,0.28
2026-02-12,13,0.28
2026-02-12,14,0.28
2026-02-12,15,0.28
2026-02-12,16,0.28
2026-02-12,17,0.28
2026-02-12,18,0.28
2026-02-12,19,0.28
2026-02-12,20,0.28
2026-02-12,21,0.28
2026-02-12,22,0.18
2026-02-12,23,0.18
2026-02-13,0,0.18
2026-02-13,1,0.18
2026-02-13,2,0.18
2026-02-13,3,0.18
2026-02-13,4,0.18
2026-02-13,5,0.18
2026-02-13,6,0.18
2026-02-13,7,0.18
2026-02-13,8,0.28
2026-02-13,9,0.28
2026-02-13,10,0.28
2026-02-13,11,0.28
2026-02-13,12,0.28
2026-02-13,13,0.28
2026-02-13,14,0.28
2026-02-13,15,0.28
2026-02-13,16,0.28
2026-02-13,17,0.28
2026-02-13,18,0.28
2026-02-13,19,0.28
2026-02-13,20,0.28
2026-02-13,21,0.28
2026-02-13,22,0.18
2026-02-13,23,0.18
2026-02-14,0,0.18
2026-02-14,1,0.18
2026-02-14,2,0.18
2026-02-14,3,0.18
2026-02-14,4,0.18
2026-02-14,5,0.18
2026-02-14,6,0.18
2026-02-14,7,0.18
2026-02-14,8,0.28
2026-02-14,9,0.28
2026-02-14,10,0.28
2026-02-14,11,0.28
2026-02-14,12,0.28
2026-02-14,13,0.28
2026-02-14,14,0.28
2026-02-14,15,0.28
2026-02-14,16,0.28
2026-02-14,17,0.28
2026-02-14,18,0.28
2026-02-14,19,0.28
2026-02-14,20,0.28
2026-02-14,21,0.28
2026-02-14,22,0.18
2026-02-14,23,0.18
2026-02-15,0,0.18
2026-02-15,1,0.18
2026-02-15,2,0.18
2026-02-15,3,0.18
2026-02-15,4,0.18
2026-02-15,5,0.18
2026-02-15,6,0.18
2026-02-15,7,0.18
2026-02-15,8,0.28
2026-02-15,9,0.28
2026-02-15,10,0.28
2026-02-15,11,0.28
2026-02-15,12,0.28
2026-02-15,13,0.28
2026-02-15,14,0.28
2026-02-15,15,0.28
2026-02-15,16,0.28
2026-02-15,17,0.28
2026-02-15,18,0.28
2026-02-15,19,0.28
2026-02-15,20,0.28
2026-02-15,21,0.28
2026-02-15,22,0.18
2026-02-15,23,0.18
2026-02-16,0,0.18
2026-02-16,1,0.18
2026-02-16,2,0.18
2026-02-16,3,0.18
2026-02-16,4,0.18
2026-02-16,5,0.18
2026-02-16,6,0.18
2026-02-16,7,0.18
2026-02-16,8,0.28
2026-02-16,9,0.28
2026-02-16,10,0.28
2026-02-16,11,0.28
2026-02-16,12,0.28
2026-02-16,13,0.28
2026-02-16,14,0.28
2026-02-16,15,0.28
2026-02-16,16,0.28
2026-02-16,17,0.28
2026-02-16,18,0.28
2026-02-16,19,0.28
2026-02-16,20,0.28
2026-02-16,21,0.28
2026-02-16,22,0.18
2026-02-16,23,0.18
2026-02-17,0,0.18
2026-02-17,1,0.18
2026-02-17,2,0.18
2026-02-17,3,0.18
2026-02-17,4,0.18
2026-02-17,5,0.18
2026-02-17,6,0.18
2026-02-17,7,0.18
2026-02-17,8,0.28
2026-02-17,9,0.28
2026-02-17,10,0.28
2026-02-17,11,0.28
2026-02-17,12,0.28
2026-02-17,13,0.28
2026-02-17,14,0.28
2026-02-17,15,0.28
2026-02-17,16,0.28
2026-02-17,17,0.28
2026-02-17,18,0.28
2026-02-17,19,0.28
2026-02-17,20,0.28
2026-02-17,21,0.28
2026-02-17,22,0.18
2026-02-17,23,0.18
2026-02-18,0,0.18
2026-02-18,1,0.18
2026-02-18,2,0.18
2026-02-18,3,0.18
2026-02-18,4,0.18
2026-02-18,5,0.18
2026-02-18,6,0.18
2026-02-18,7,0.18
2026-02-18,8,0.28
2026-02-18,9,0.28
2026-02-18,10,0.28
2026-02-18,11,0.28
2026-02-18,12,0.28
2026-02-18,13,0.28
2026-02-18,14,0.28
2026-02-18,15,0.28
2026-02-18,16,0.28
2026-02-18,17,0.28
2026-02-18,18,0.28
2026-02-18,19,0.28
2026-02-18,20,0.28
2026-02-18,21,0.28
2026-02-18,22,0.18
2026-02-18,23,0.18
2026-02-19,0,0.18
2026-02-19,1,0.18
2026-02-19,2,0.18
2026-02-19,3,0.18
2026-02-19,4,0.18
2026-02-19,5,0.18
2026-02-19,6,0.18
2026-02-19,7,0.18
2026-02-19,8,0.28
2026-02-19,9,0.28
2026-02-19,10,0.28
2026-02-19,11,0.28
2026-02-19,12,0.28
2026-02-19,13,0.28
2026-02-19,14,0.28
2026-02-19,15,0.28
2026-02-19,16,0.28
2026-02-19,17,0.28
2026-02-19,18,0.28
2026-02-19,19,0.28
2026-02-19,20,0.28
2026-02-19,21,0.28
2026-02-19,22,0.18
2026-02-19,23,0.18
2026-02-20,0,0.18
2026-02-20,1,0.18
2026-02-20,2,0.18
2026-02-20,3,0.18
2026-02-20,4,0.18
2026-02-20,5,0.18
2026-02-20,6,0.18
2026-02-20,7,0.18
2026-02-20,8,0.28
2026-02-20,9,0.28
2026-02-20,10,0.28
2026-02-20,11,0.28
2026-02-20,12,0.28
2026-02-20,13,0.28
2026-02-20,14,0.28
2026-02-20,15,0.28
2026-02-20,16,0.28
2026-02-20,17,0.28
2026-02-20,18,0.28
2026-02-20,19,0.28
2026-02-20,20,0.28
2026-02-20,21,0.28
2026-02-20,22,0.18
2026-02-20,23,0.18
2026-02-21,0,0.18
2026-02-21,1,0.18
2026-02-21,2,0.18
2026-02-21,3,0.18
2026-02-21,4,0.18
2026-02-21,5,0.18
2026-02-21,6,0.18
2026-02-21,7,0.18
2026-02-21,8,0.28
2026-02-21,9,0.28
2026-02-21,10,0.28
2026-02-21,11,0.28
2026-02-21,12,0.28
2026-02-21,13,0.28
2026-02-21,14,0.28
2026-02-21,15,0.28
2026-02-21,16,0.28
2026-02-21,17,0.28
2026-02-21,18,0.28
2026-02-21,19,0.28
2026-02-21,20,0.28
2026-02-21,21,0.28
2026-02-21,22,0.18
2026-02-21,23,0.18
2026-02-22,0,0.18
2026-02-22,1,0.18
2026-02-22,2,0.18
2026-02-22,3,0.18
2026-02-22,4,0.18
2026-02-22,5,0.18
2026-02-22,6,0.18
2026-02-22,7,0.18
2026-02-22,8,0.28
2026-02-22,9,0.28
2026-02-22,10,0.28
2026-02-22,11,0.28
2026-02-22,12,0.28
2026-02-22,13,0.28
2026-02-22,14,0.28
2026-02-22,15,0.28
2026-02-22,16,0.28
2026-02-22,17,0.28
2026-02-22,18,0.28
2026-02-22,19,0.28
2026-02-22,20,0.28
2026-02-22,21,0.28
2026-02-22,22,0.18
2026-02-22,23,0.18
2026-02-23,0,0.18
2026-02-23,1,0.18
2026-02-23,2,0.18
2026-02-23,3,0.18
2026-02-23,4,0.18
2026-02-23,5,0.18
2026-02-23,6,0.18
2026-02-23,7,0.18
2026-02-23,8,0.28
2026-02-23,9,0.28
2026-02-23,10,0.28
2026-02-23,11,0.28
2026-02-23,12,0.28
2026-02-23,13,0.28
2026-02-23,14,0.28
2026-02-23,15,0.28
2026-02-23,16,0.28
2026-02-23,17,0.28
2026-02-23,18,0.28
2026-02-23,19,0.28
2026-02-23,20,0.28
2026-02-23,21,0.28
2026-02-23,22,0.18
2026-02-23,23,0.18
2026-02-24,0,0.18
2026-02-24,1,0.18
2026-02-24,2,0.18
2026-02-24,3,0.18
2026-02-24,4,0.18
2026-02-24,5,0.18
2026-02-24,6,0.18
2026-02-24,7,0.18
2026-02-24,8,0.28
2026-02-24,9,0.28
2026-02-24,10,0.28
2026-02-24,11,0.28
2026-02-24,12,0.28
2026-02-24,13,0.28
2026-02-24,14,0.28
2026-02-24,15,0.28
2026-02-24,16,0.28
2026-02-24,17,0.28
2026-02-24,18,0.28
2026-02-24,19,0.28
2026-02-24,20,0.28
2026-02-24,21,0.28
2026-02-24,22,0.18
2026-02-24,23,0.18
2026-02-25,0,0.18
2026-02-25,1,0.18
2026-02-25,2,0.18
2026-02-25,3,0.18
2026-02-25,4,0.18
2026-02-25,5,0.18
2026-02-25,6,0.18
2026-02-25,7,0.18
2026-02-25,8,0.28
2026-02-25,9,0.28
2026-02-25,10,0.28
2026-02-25,11,0.28
2026-02-25,12,0.28
2026-02-25,13,0.28
2026-02-25,14,0.28
2026-02-25,15,0.28
2026-02-25,16,0.28
2026-02-25,17,0.28
2026-02-25,18,0.28
2026-02-25,19,0.28
2026-02-25,20,0.28
2026-02-25,21,0.28
2026-02-25,22,0.18
2026-02-25,23,0.18
2026-02-26,0,0.18
2026-02-26,1,0.18
2026-02-26,2,0.18
2026-02-26,3,0.18
2026-02-26,4,0.18
2026-02-26,5,0.18
2026-02-26,6,0.18
2026-02-26,7,0.18
2026-02-26,8,0.28
2026-02-26,9,0.28
2026-02-26,10,0.28
2026-02-26,11,0.28
2026-02-26,12,0.28
2026-02-26,13,0.28
2026-02-26,14,0.28
2026-02-26,15,0.28
2026-02-26,16,0.28
2026-02-26,17,0.28
2026-02-26,18,0.28
2026-02-26,19,0.28
2026-02-26,20,0.28
2026-02-26,21,0.28
2026-02-26,22,0.18
2026-02-26,23,0.18
2026-02-27,0,0.18
2026-02-27,1,0.18
2026-02-27,2,0.18
2026-02-27,3,0.18
2026-02-27,4,0.18
2026-02-27,5,0.18
2026-02-27,6,0.18
2026-02-27,7,0.18
2026-02-27,8,0.28
2026-02-27,9,0.28
2026-02-27,10,0.28
2026-02-27,11,0.28
2026-02-27,12,0.28
2026-02-27,13,0.28
2026-02-27,14,0.28
2026-02-27,15,0.28
2026-02-27,16,0.28
2026-02-27,17,0.28
2026-02-27,18,0.28
2026-02-27,19,0.28
2026-02-27,20,0.28
2026-02-27,21,0.28
2026-02-27,22,0.18
2026-02-27,23,0.18
2026-02-28,0,0.18
2026-02-28,1,0.18
2026-02-28,2,0.18
2026-02-28,3,0.18
2026-02-28,4,0.18
2026-02-28,5,0.18
2026-02-28,6,0.18
2026-02-28,7,0.18
2026-02-28,8,0.28
2026-02-28,9,0.28
2026-02-28,10,0.28
2026-02-28,11,0.28
2026-02-28,12,0.28
2026-02-28,13,0.28
2026-02-28,14,0.28
2026-02-28,15,0.28
2026-02-28,16,0.28
2026-02-28,17,0.28
2026-02-28,18,0.28
2026-02-28,19,0.28
2026-02-28,20,0.28
2026-02-28,21,0.28
2026-02-28,22,0.18
2026-02-28,23,0.18
2026-03-01,0,0.18
2026-03-01,1,0.18
2026-03-01,2,0.18
2026-03-01,3,0.18
2026-03-01,4,0.18
2026-03-01,5,0.18
2026-03-01,6,0.18
2026-03-01,7,0.18
2026-03-01,8,0.28
2026-03-01,9,0.28
2026-03-01,10,0.28
2026-03-01,11,0.28
2026-03-01,12,0.28
2026-03-01,13,0.28
2026-03-01,14,0.28
2026-03-01,15,0.28
2026-03-01,16,0.28
2026-03-01,17,0.28
2026-03-01,18,0.28
2026-03-01,19,0.28
2026-03-01,20,0.28
2026-03-01,21,0.28
2026-03-01,22,0.18
2026-03-01,23,0.18
2026-03-02,0,0.18
2026-03-02,1,0.18
2026-03-02,2,0.18
2026-03-02,3,0.18
2026-03-02,4,0.18
2026-03-02,5,0.18
2026-03-02,6,0.18
2026-03-02,7,0.18
2026-03-02,8,0.28
2026-03-02,9,0.28
2026-03-02,10,0.28
2026-03-02,11,0.28
2026-03-02,12,0.28
2026-03-02,13,0.28
2026-03-02,14,0.28
2026-03-02,15,0.28
2026-03-02,16,0.28
2026-03-02,17,0.28
2026-03-02,18,0.28
2026-03-02,19,0.28
2026-03-02,20,0.28
2026-03-02,21,0.28
2026-03-02,22,0.18
2026-03-02,23,0.18
2026-03-03,0,0.18
2026-03-03,1,0.18
2026-03-03,2,0.18
2026-03-03,3,0.18
2026-03-03,4,0.18
2026-03-03,5,0.18
2026-03-03,6,0.18
2026-03-03,7,0.18
2026-03-03,8,0.28
2026-03-03,9,0.28
2026-03-03,10,0.28
2026-03-03,11,0.28
2026-03-03,12,0.28
2026-03-03,13,0.28
2026-03-03,14,0.28
2026-03-03,15,0.28
2026-03-03,16,0.28
2026-03-03,17,0.28
2026-03-03,18,0.28
2026-03-03,19,0.28
2026-03-03,20,0.28
2026-03-03,21,0.28
2026-03-03,22,0.18
2026-03-03,23,0.18
2026-03-04,0,0.18
2026-03-04,1,0.18
2026-03-04,2,0.18
2026-03-04,3,0.18
2026-03-04,4,0.18
2026-03-04,5,0.18
2026-03-04,6,0.18
2026-03-04,7,0.18
2026-03-04,8,0.28
2026-03-04,9,0.28
2026-03-04,10,0.28
2026-03-04,11,0.28
2026-03-04,12,0.28
2026-03-04,13,0.28
2026-03-04,14,0.28
2026-03-04,15,0.28
2026-03-04,16,0.28
2026-03-04,17,0.28
2026-03-04,18,0.28
2026-03-04,19,0.28
2026-03-04,20,0.28
2026-03-04,21,0.28
2026-03-04,22,0.18
2026-03-04,23,0.18
2026-03-05,0,0.18
2026-03-05,1,0.18
2026-03-05,2,0.18
2026-03-05,3,0.18
2026-03-05,4,0.18
2026-03-05,5,0.18
2026-03-05,6,0.18
2026-03-05,7,0.18
2026-03-05,8,0.28
2026-03-05,9,0.28
2026-03-05,10,0.28
2026-03-05,11,0.28
2026-03-05,12,0.28
2026-03-05,13,0.28
2026-03-05,14,0.28
2026-03-05,15,0.28
2026-03-05,16,0.28
2026-03-05,17,0.28
2026-03-05,18,0.28
2026-03-05,19,0.28
2026-03-05,20,0.28
2026-03-05,21,0.28
2026-03-05,22,0.18
2026-03-05,23,0.18
2026-03-06,0,0.18
2026-03-06,1,0.18
2026-03-06,2,0.18
2026-03-06,3,0.18
2026-03-06,4,0.18
2026-03-06,5,0.18
2026-03-06,6,0.18
2026-03-06,7,0.18
2026-03-06,8,0.28
2026-03-06,9,0.28
2026-03-06,10,0.28
2026-03-06,11,0.28
2026-03-06,12,0.28
2026-03-06,13,0.28
2026-03-06,14,0.28
2026-03-06,15,0.28
2026-03-06,16,0.28
2026-03-06,17,0.28
2026-03-06,18,0.28
2026-03-06,19,0.28
2026-03-06,20,0.28
2026-03-06,21,0.28
2026-03-06,22,0.18
2026-03-06,23,0.18
2026-03-07,0,0.18
2026-03-07,1,0.18
2026-03-07,2,0.18
2026-03-07,3,0.18
2026-03-07,4,0.18
2026-03-07,5,0.18
2026-03-07,6,0.18
2026-03-07,7,0.18
2026-03-07,8,0.28
2026-03-07,9,0.28
2026-03-07,10,0.28
2026-03-07,11,0.28
2026-03-07,12,0.28
2026-03-07,13,0.28
2026-03-07,14,0.28
2026-03-07,15,0.28
2026-03-07,16,0.28
2026-03-07,17,0.28
2026-03-07,18,0.28
2026-03-07,19,0.28
2026-03-07,20,0.28
2026-03-07,21,0.28
2026-03-07,22,0.18
2026-03-07,23,0.18
2026-03-08,0,0.18
2026-03-08,1,0.18
2026-03-08,2,0.18
2026-03-08,3,0.18
2026-03-08,4,0.18
2026-03-08,5,0.18
2026-03-08,6,0.18
2026-03-08,7,0.18
2026-03-08,8,0.28
2026-03-08,9,0.28
2026-03-08,10,0.28
2026-03-08,11,0.28
2026-03-08,12,0.28
2026-03-08,13,0.28
2026-03-08,14,0.28
2026-03-08,15,0.28
2026-03-08,16,0.28
2026-03-08,17,0.28
2026-03-08,18,0.28
2026-03-08,19,0.28
2026-03-08,20,0.28
2026-03-08,21,0.28
2026-03-08,22,0.18
2026-03-08,23,0.18
2026-03-09,0,0.18
2026-03-09,1,0.18
2026-03-09,2,0.18
2026-03-09,3,0.18
2026-03-09,4,0.18
2026-03-09,5,0.18
2026-03-09,6,0.18
2026-03-09,7,0.18
2026-03-09,8,0.28
2026-03-09,9,0.28
2026-03-09,10,0.28
2026-03-09,11,0.28
2026-03-09,12,0.28
2026-03-09,13,0.28
2026-03-09,14,0.28
2026-03-09,15,0.28
2026-03-09,16,0.28
2026-03-09,17,0.28
2026-03-09,18,0.28
2026-03-09,19,0.28
2026-03-09,20,0.28
2026-03-09,21,0.28
2026-03-09,22,0.18
2026-03-09,23,0.18
2026-03-10,0,0.18
2026-03-10,1,0.18
2026-03-10,2,0.18
2026-03-10,3,0.18
2026-03-10,4,0.18
2026-03-10,5,0.18
2026-03-10,6,0.18
2026-03-10,7,0.18
2026-03-10,8,0.28
2026-03-10,9,0.28
2026-03-10,10,0.28
2026-03-10,11,0.28
2026-03-10,12,0.28
2026-03-10,13,0.28
2026-03-10,14,0.28
2026-03-10,15,0.28
2026-03-10,16,0.28
2026-03-10,17,0.28
2026-03-10,18,0.28
2026-03-10,19,0.28
2026-03-10,20,0.28
2026-03-10,21,0.28
2026-03-10,22,0.18
2026-03-10,23,0.18
2026-03-11,0,0.18
2026-03-11,1,0.18
2026-03-11,2,0.18
2026-03-11,3,0.18
2026-03-11,4,0.18
2026-03-11,5,0.18
2026-03-11,6,0.18
2026-03-11,7,0.18
2026-03-11,8,0.28
2026-03-11,9,0.28
2026-03-11,10,0.28
2026-03-11,11,0.28
2026-03-11,12,0.28
2026-03-11,13,0.28
2026-03-11,14,0.28
2026-03-11,15,0.28
2026-03-11,16,0.28
2026-03-11,17,0.28
2026-03-11,18,0.28
2026-03-11,19,0.28
2026-03-11,20,0.28
2026-03-11,21,0.28
2026-03-11,22,0.18
2026-03-11,23,0.18
2026-03-12,0,0.18
2026-03-12,1,0.18
2026-03-12,2,0.18
2026-03-12,3,0.18
2026-03-12,4,0.18
2026-03-12,5,0.18
2026-03-12,6,0.18
2026-03-12,7,0.18
2026-03-12,8,0.28
2026-03-12,9,0.28
2026-03-12,10,0.28
2026-03-12,11,0.28
2026-03-12,12,0.28
2026-03-12,13,0.28
2026-03-12,14,0.28
2026-03-12,15,0.28
2026-03-12,16,0.28
2026-03-12,17,0.28
2026-03-12,18,0.28
2026-03-12,19,0.28
2026-03-12,20,0.28
2026-03-12,21,0.28
2026-03-12,22,0.18
2026-03-12,23,0.18
2026-03-13,0,0.18
2026-03-13,1,0.18
2026-03-13,2,0.18
2026-03-13,3,0.18
2026-03-13,4,0.18
2026-03-13,5,0.18
2026-03-13,6,0.18
2026-03-13,7,0.18
2026-03-13,8,0.28
2026-03-13,9,0.28
2026-03-13,10,0.28
2026-03-13,11,0.28
2026-03-13,12,0.28
2026-03-13,13,0.28
2026-03-13,14,0.28
2026-03-13,15,0.28
2026-03-13,16,0.28
2026-03-13,17,0.28
2026-03-13,18,0.28
2026-03-13,19,0.28
2026-03-13,20,0.28
2026-03-13,21,0.28
2026-03-13,22,0.18
2026-03-13,23,0.18
2026-03-14,0,0.18
2026-03-14,1,0.18
2026-03-14,2,0.18
2026-03-14,3,0.18
2026-03-14,4,0.18
2026-03-14,5,0.18
2026-03-14,6,0.18
2026-03-14,7,0.18
2026-03-14,8,0.28
2026-03-14,9,0.28
2026-03-14,10,0.28
2026-03-14,11,0.28
2026-03-14,12,0.28
2026-03-14,13,0.28
2026-03-14,14,0.28
2026-03-14,15,0.28
2026-03-14,16,0.28
2026-03-14,17,0.28
2026-03-14,18,0.28
2026-03-14,19,0.28
2026-03-14,20,0.28
2026-03-14,21,0.28
2026-03-14,22,0.18
2026-03-14,23,0.18
2026-03-15,0,0.18
2026-03-15,1,0.18
2026-03-15,2,0.18
2026-03-15,3,0.18
2026-03-15,4,0.18
2026-03-15,5,0.18
2026-03-15,6,0.18
2026-03-15,7,0.18
2026-03-15,8,0.28
2026-03-15,9,0.28
2026-03-15,10,0.28
2026-03-15,11,0.28
2026-03-15,12,0.28
2026-03-15,13,0.28
2026-03-15,14,0.28
2026-03-15,15,0.28
2026-03-15,16,0.28
2026-03-15,17,0.28
2026-03-15,18,0.28
2026-03-15,19,0.28
2026-03-15,20,0.28
2026-03-15,21,0.28
2026-03-15,22,0.18
2026-03-15,23,0.18
2026-03-16,0,0.18
2026-03-16,1,0.18
2026-03-16,2,0.18
2026-03-16,3,0.18
2026-03-16,4,0.18
2026-03-16,5,0.18
2026-03-16,6,0.18
2026-03-16,7,0.18
2026-03-16,8,0.28
2026-03-16,9,0.28
2026-03-16,10,0.28
2026-03-16,11,0.28
2026-03-16,12,0.28
2026-03-16,13,0.28
2026-03-16,14,0.28
2026-03-16,15,0.28
2026-03-16,16,0.28
2026-03-16,17,0.28
2026-03-16,18,0.28
2026-03-16,19,0.28
2026-03-16,20,0.28
2026-03-16,21,0.28
2026-03-16,22,0.18
2026-03-16,23,0.18
2026-03-17,0,0.18
2026-03-17,1,0.18
2026-03-17,2,0.18
2026-03-17,3,0.18
2026-03-17,4,0.18
2026-03-17,5,0.18
2026-03-17,6,0.18
2026-03-17,7,0.18
2026-03-17,8,0.28
2026-03-17,9,0.28
2026-03-17,10,0.28
2026-03-17,11,0.28
2026-03-17,12,0.28
2026-03-17,13,0.28
2026-03-17,14,0.28
2026-03-17,15,0.28
2026-03-17,16,0.28
2026-03-17,17,0.28
2026-03-17,18,0.28
2026-03-17,19,0.28
2026-03-17,20,0.28
2026-03-17,21,0.28
2026-03-17,22,0.18
2026-03-17,23,0.18
