timestamp,temp_c,humidity_pct,co2_ppm,moisture_zone1,moisture_zone2,moisture_zone3,moisture_zone4
2025-10-15T00:00:00,18.8,69.2,394,0.638,0.6,0.681,0.608
2025-10-15T00:01:00,18.4,70.9,395,0.642,0.598,0.682,0.607
2025-10-15T00:02:00,19.2,68.3,407,0.642,0.595,0.681,0.608
2025-10-15T00:03:00,19.6,69.8,400,0.643,0.597,0.683,0.606
2025-10-15T00:04:00,19.4,70.8,392,0.644,0.595,0.682,0.604
2025-10-15T00:05:00,18.9,69.0,387,0.645,0.595,0.684,0.603
2025-10-15T00:06:00,19.0,72.2,407,0.645,0.596,0.685,0.605
2025-10-15T00:07:00,19.3,71.4,396,0.645,0.598,0.685,0.609
2025-10-15T00:08:00,19.3,69.5,403,0.645,0.599,0.686,0.609
2025-10-15T00:09:00,18.9,70.9,410,0.644,0.599,0.687,0.608
2025-10-15T00:10:00,19.0,68.0,390,0.644,0.601,0.688,0.606
2025-10-15T00:11:00,19.1,70.3,400,0.648,0.603,0.683,0.606
2025-10-15T00:12:00,19.2,70.7,399,0.65,0.604,0.681,0.605
2025-10-15T00:13:00,19.0,71.3,403,0.65,0.6,0.683,0.604
2025-10-15T00:14:00,19.0,71.6,410,0.652,0.598,0.68,0.605
2025-10-15T00:15:00,19.4,70.5,389,0.649,0.599,0.682,0.604
2025-10-15T00:16:00,19.4,69.9,405,0.649,0.598,0.683,0.603
2025-10-15T00:17:00,19.2,71.1,408,0.65,0.601,0.681,0.602
2025-10-15T00:18:00,19.5,71.5,399,0.653,0.6,0.677,0.601
2025-10-15T00:19:00,18.9,71.1,399,0.651,0.6,0.675,0.6
2025-10-15T00:20:00,19.5,70.5,403,0.65,0.602,0.679,0.601
2025-10-15T00:21:00,19.2,70.4,403,0.654,0.601,0.677,0.598
2025-10-15T00:22:00,20.0,68.0,405,0.654,0.601,0.675,0.6
2025-10-15T00:23:00,18.7,72.5,404,0.657,0.603,0.673,0.6
2025-10-15T00:24:00,18.8,70.5,392,0.657,0.6,0.675,0.601
2025-10-15T00:25:00,19.1,71.3,408,0.657,0.599,0.674,0.602
2025-10-15T00:26:00,19.1,70.8,409,0.657,0.6,0.673,0.601
2025-10-15T00:27:00,19.6,69.3,401,0.658,0.6,0.675,0.599
2025-10-15T00:28:00,18.8,70.9,388,0.661,0.603,0.676,0.596
2025-10-15T00:29:00,19.3,69.6,399,0.658,0.599,0.674,0.595
2025-10-15T00:30:00,19.4,67.8,402,0.657,0.596,0.671,0.597
2025-10-15T00:31:00,19.2,71.1,391,0.659,0.597,0.673,0.595
2025-10-15T00:32:00,18.7,71.9,397,0.658,0.598,0.673,0.596
2025-10-15T00:33:00,19.5,71.4,389,0.657,0.598,0.67,0.591
2025-10-15T00:34:00,19.4,69.4,405,0.659,0.598,0.666,0.59
2025-10-15T00:35:00,19.2,73.4,401,0.66,0.599,0.663,0.592
2025-10-15T00:36:00,19.1,70.2,387,0.659,0.597,0.66,0.591
2025-10-15T00:37:00,19.1,69.5,403,0.659,0.596,0.656,0.589
2025-10-15T00:38:00,19.0,69.5,400,0.657,0.596,0.654,0.588
2025-10-15T00:39:00,19.2,67.9,404,0.655,0.597,0.651,0.581
2025-10-15T00:40:00,19.1,73.2,397,0.655,0.595,0.65,0.579
2025-10-15T00:41:00,18.8,73.5,394,0.654,0.594,0.653,0.581
2025-10-15T00:42:00,18.7,72.4,394,0.652,0.593,0.652,0.579
2025-10-15T00:43:00,18.8,70.0,396,0.65,0.594,0.652,0.578
2025-10-15T00:44:00,19.1,73.5,400,0.648,0.593,0.653,0.573
2025-10-15T00:45:00,19.0,70.4,401,0.649,0.592,0.652,0.57
2025-10-15T00:46:00,19.1,70.3,398,0.644,0.594,0.652,0.572
2025-10-15T00:47:00,19.2,72.7,397,0.642,0.593,0.653,0.573
2025-10-15T00:48:00,18.9,72.2,397,0.638,0.592,0.652,0.57
2025-10-15T00:49:00,19.5,73.3,420,0.638,0.588,0.658,0.568
2025-10-15T00:50:00,19.0,71.4,394,0.635,0.587,0.659,0.568
2025-10-15T00:51:00,18.9,70.5,396,0.634,0.587,0.657,0.565
2025-10-15T00:52:00,19.2,69.6,426,0.637,0.588,0.657,0.561
2025-10-15T00:53:00,18.5,69.2,403,0.64,0.589,0.655,0.56
2025-10-15T00:54:00,18.8,70.9,389,0.636,0.589,0.656,0.561
2025-10-15T00:55:00,19.4,72.0,407,0.637,0.593,0.653,0.562
2025-10-15T00:56:00,18.6,72.8,393,0.634,0.591,0.65,0.563
2025-10-15T00:57:00,19.4,70.2,407,0.632,0.588,0.651,0.56
2025-10-15T00:58:00,19.5,68.4,398,0.631,0.585,0.652,0.56
2025-10-15T00:59:00,19.0,71.4,396,0.633,0.584,0.653,0.559
2025-10-15T01:00:00,19.2,72.1,413,0.634,0.582,0.655,0.558
2025-10-15T01:01:00,19.4,70.8,405,0.633,0.581,0.655,0.558
2025-10-15T01:02:00,19.0,71.3,408,0.634,0.584,0.655,0.556
2025-10-15T01:03:00,19.4,69.1,403,0.629,0.586,0.654,0.55
2025-10-15T01:04:00,18.9,72.5,396,0.627,0.587,0.655,0.552
2025-10-15T01:05:00,19.0,66.3,405,0.625,0.591,0.657,0.552
2025-10-15T01:06:00,18.9,71.8,410,0.625,0.59,0.656,0.549
2025-10-15T01:07:00,19.2,74.4,401,0.624,0.587,0.656,0.55
2025-10-15T01:08:00,19.5,67.8,414,0.624,0.588,0.659,0.548
2025-10-15T01:09:00,19.1,70.5,407,0.623,0.584,0.658,0.547
2025-10-15T01:10:00,18.8,71.5,402,0.623,0.583,0.658,0.545
2025-10-15T01:11:00,18.8,70.7,402,0.624,0.583,0.659,0.546
2025-10-15T01:12:00,19.3,72.0,401,0.624,0.583,0.658,0.544
2025-10-15T01:13:00,19.7,70.3,390,0.623,0.582,0.656,0.542
2025-10-15T01:14:00,19.3,70.7,399,0.623,0.579,0.657,0.544
2025-10-15T01:15:00,19.0,72.1,402,0.625,0.579,0.657,0.543
2025-10-15T01:16:00,19.4,70.2,397,0.623,0.581,0.66,0.542
2025-10-15T01:17:00,19.1,75.6,403,0.623,0.581,0.661,0.544
2025-10-15T01:18:00,19.1,71.1,400,0.625,0.579,0.66,0.542
2025-10-15T01:19:00,18.9,71.5,406,0.622,0.576,0.661,0.541
2025-10-15T01:20:00,19.6,67.2,405,0.626,0.574,0.661,0.541
2025-10-15T01:21:00,18.4,71.3,401,0.623,0.574,0.663,0.538
2025-10-15T01:22:00,19.4,71.9,389,0.622,0.575,0.662,0.538
2025-10-15T01:23:00,19.1,68.9,414,0.619,0.573,0.662,0.536
2025-10-15T01:24:00,19.1,67.6,399,0.623,0.568,0.662,0.537
2025-10-15T01:25:00,19.7,69.6,399,0.622,0.569,0.662,0.538
2025-10-15T01:26:00,19.0,73.1,397,0.621,0.567,0.659,0.539
2025-10-15T01:27:00,19.0,71.0,396,0.62,0.568,0.66,0.535
2025-10-15T01:28:00,19.2,70.1,412,0.62,0.566,0.661,0.535
2025-10-15T01:29:00,19.3,67.5,411,0.619,0.564,0.663,0.532
2025-10-15T01:30:00,19.1,71.5,404,0.618,0.564,0.663,0.532
2025-10-15T01:31:00,18.8,72.5,399,0.611,0.568,0.662,0.527
2025-10-15T01:32:00,19.0,68.4,405,0.611,0.569,0.663,0.523
2025-10-15T01:33:00,19.6,71.4,401,0.61,0.569,0.661,0.525
2025-10-15T01:34:00,19.3,71.6,398,0.612,0.57,0.663,0.526
2025-10-15T01:35:00,19.4,71.9,403,0.614,0.566,0.665,0.525
2025-10-15T01:36:00,19.2,71.5,396,0.614,0.563,0.667,0.523
2025-10-15T01:37:00,19.1,71.8,402,0.615,0.558,0.667,0.52
2025-10-15T01:38:00,19.8,70.2,402,0.613,0.561,0.666,0.52
2025-10-15T01:39:00,19.2,71.9,405,0.614,0.564,0.666,0.519
2025-10-15T01:40:00,19.1,68.0,395,0.612,0.564,0.667,0.522
2025-10-15T01:41:00,19.6,67.5,406,0.61,0.564,0.665,0.521
2025-10-15T01:42:00,19.1,69.7,393,0.609,0.561,0.668,0.521
2025-10-15T01:43:00,19.1,70.6,395,0.612,0.56,0.668,0.518
2025-10-15T01:44:00,19.3,71.0,396,0.612,0.563,0.666,0.517
2025-10-15T01:45:00,19.3,70.9,391,0.614,0.563,0.67,0.517
2025-10-15T01:46:00,19.4,71.9,408,0.613,0.562,0.67,0.516
2025-10-15T01:47:00,19.9,70.8,392,0.614,0.558,0.667,0.515
2025-10-15T01:48:00,19.4,68.8,394,0.613,0.561,0.665,0.515
2025-10-15T01:49:00,18.6,72.1,410,0.613,0.56,0.668,0.518
2025-10-15T01:50:00,19.4,68.9,395,0.613,0.556,0.671,0.518
2025-10-15T01:51:00,19.4,70.0,398,0.614,0.554,0.673,0.52
2025-10-15T01:52:00,19.4,70.8,392,0.614,0.551,0.675,0.521
2025-10-15T01:53:00,19.4,65.0,407,0.612,0.551,0.677,0.523
2025-10-15T01:54:00,19.4,73.9,407,0.614,0.551,0.678,0.521
2025-10-15T01:55:00,19.4,71.1,406,0.617,0.55,0.679,0.521
2025-10-15T01:56:00,19.6,69.0,404,0.616,0.551,0.679,0.52
2025-10-15T01:57:00,19.2,73.5,401,0.612,0.551,0.681,0.521
2025-10-15T01:58:00,19.1,70.3,396,0.612,0.553,0.679,0.522
2025-10-15T01:59:00,20.3,68.6,393,0.611,0.552,0.68,0.522
2025-10-15T02:00:00,19.2,69.9,410,0.611,0.557,0.683,0.523
2025-10-15T02:01:00,19.4,72.6,406,0.612,0.556,0.682,0.522
2025-10-15T02:02:00,19.0,70.9,394,0.61,0.554,0.681,0.523
2025-10-15T02:03:00,19.5,70.3,400,0.61,0.551,0.682,0.525
2025-10-15T02:04:00,19.1,72.5,398,0.609,0.551,0.68,0.526
2025-10-15T02:05:00,19.3,71.3,391,0.612,0.547,0.677,0.526
2025-10-15T02:06:00,19.8,69.4,401,0.611,0.547,0.679,0.527
2025-10-15T02:07:00,19.6,71.5,397,0.609,0.543,0.678,0.525
2025-10-15T02:08:00,19.6,73.6,392,0.606,0.543,0.678,0.525
2025-10-15T02:09:00,18.9,71.6,388,0.606,0.54,0.676,0.526
2025-10-15T02:10:00,20.0,69.1,387,0.603,0.539,0.678,0.523
2025-10-15T02:11:00,19.1,71.0,397,0.6,0.54,0.68,0.523
2025-10-15T02:12:00,19.9,71.1,399,0.601,0.544,0.679,0.52
2025-10-15T02:13:00,19.8,68.5,393,0.602,0.542,0.676,0.519
2025-10-15T02:14:00,19.7,69.2,405,0.601,0.541,0.675,0.519
2025-10-15T02:15:00,19.2,68.2,399,0.601,0.54,0.676,0.517
2025-10-15T02:16:00,19.6,68.1,405,0.601,0.537,0.676,0.517
2025-10-15T02:17:00,19.4,69.5,399,0.602,0.536,0.676,0.517
2025-10-15T02:18:00,19.5,69.8,394,0.603,0.537,0.676,0.515
2025-10-15T02:19:00,19.5,72.7,401,0.598,0.536,0.677,0.516
2025-10-15T02:20:00,18.9,71.9,390,0.597,0.54,0.677,0.514
2025-10-15T02:21:00,19.9,67.9,404,0.598,0.541,0.678,0.518
2025-10-15T02:22:00,19.5,68.8,393,0.597,0.538,0.675,0.518
2025-10-15T02:23:00,19.4,72.2,407,0.596,0.537,0.68,0.515
2025-10-15T02:24:00,19.4,71.9,397,0.597,0.535,0.679,0.513
2025-10-15T02:25:00,19.7,69.7,409,0.597,0.537,0.679,0.515
2025-10-15T02:26:00,19.3,69.7,391,0.6,0.533,0.68,0.514
2025-10-15T02:27:00,18.9,72.8,395,0.602,0.53,0.679,0.511
2025-10-15T02:28:00,19.7,68.1,403,0.601,0.529,0.679,0.512
2025-10-15T02:29:00,19.8,70.1,409,0.601,0.53,0.679,0.511
2025-10-15T02:30:00,19.6,73.3,413,0.595,0.532,0.676,0.512
2025-10-15T02:31:00,19.3,70.7,400,0.594,0.534,0.677,0.514
2025-10-15T02:32:00,19.7,68.5,415,0.591,0.535,0.673,0.514
2025-10-15T02:33:00,19.2,71.2,398,0.591,0.535,0.677,0.518
2025-10-15T02:34:00,19.3,69.6,409,0.591,0.536,0.678,0.515
2025-10-15T02:35:00,19.4,68.0,392,0.592,0.533,0.679,0.513
2025-10-15T02:36:00,19.9,70.2,403,0.595,0.529,0.675,0.512
2025-10-15T02:37:00,19.6,71.5,381,0.594,0.53,0.673,0.516
2025-10-15T02:38:00,19.6,69.4,391,0.598,0.527,0.676,0.519
2025-10-15T02:39:00,20.3,67.9,404,0.599,0.527,0.684,0.522
2025-10-15T02:40:00,19.8,67.9,390,0.596,0.527,0.686,0.52
2025-10-15T02:41:00,19.8,69.2,403,0.594,0.527,0.688,0.518
2025-10-15T02:42:00,19.6,68.9,407,0.593,0.529,0.688,0.516
2025-10-15T02:43:00,19.5,68.4,396,0.594,0.53,0.686,0.514
2025-10-15T02:44:00,19.1,73.7,392,0.592,0.53,0.688,0.517
2025-10-15T02:45:00,20.0,69.6,396,0.591,0.529,0.685,0.516
2025-10-15T02:46:00,19.9,70.1,392,0.59,0.529,0.683,0.516
2025-10-15T02:47:00,19.7,70.9,399,0.589,0.527,0.68,0.517
2025-10-15T02:48:00,19.7,70.7,401,0.591,0.527,0.682,0.513
2025-10-15T02:49:00,20.0,68.4,398,0.592,0.532,0.681,0.513
2025-10-15T02:50:00,19.3,70.8,413,0.594,0.532,0.681,0.511
2025-10-15T02:51:00,19.6,69.4,394,0.593,0.532,0.681,0.51
2025-10-15T02:52:00,19.5,70.7,411,0.595,0.531,0.678,0.508
2025-10-15T02:53:00,20.3,68.8,392,0.592,0.532,0.677,0.507
2025-10-15T02:54:00,20.1,68.3,401,0.589,0.534,0.675,0.507
2025-10-15T02:55:00,19.2,68.7,409,0.586,0.535,0.672,0.507
2025-10-15T02:56:00,19.4,70.4,409,0.586,0.535,0.671,0.506
2025-10-15T02:57:00,19.8,69.1,397,0.588,0.537,0.668,0.507
2025-10-15T02:58:00,19.7,66.7,404,0.586,0.539,0.669,0.505
2025-10-15T02:59:00,19.5,70.8,403,0.585,0.539,0.67,0.506
2025-10-15T03:00:00,20.5,69.5,396,0.584,0.539,0.667,0.505
2025-10-15T03:01:00,20.0,72.8,405,0.585,0.54,0.666,0.504
2025-10-15T03:02:00,20.0,68.3,415,0.584,0.538,0.67,0.502
2025-10-15T03:03:00,19.7,68.8,404,0.582,0.536,0.667,0.501
2025-10-15T03:04:00,20.1,67.1,405,0.579,0.536,0.668,0.504
2025-10-15T03:05:00,19.8,69.7,405,0.578,0.532,0.668,0.504
2025-10-15T03:06:00,19.8,69.6,388,0.58,0.534,0.67,0.501
2025-10-15T03:07:00,20.1,67.5,404,0.58,0.531,0.67,0.503
2025-10-15T03:08:00,19.5,69.8,392,0.578,0.53,0.669,0.502
2025-10-15T03:09:00,20.4,65.1,395,0.58,0.529,0.669,0.502
2025-10-15T03:10:00,20.0,70.3,417,0.579,0.529,0.669,0.501
2025-10-15T03:11:00,20.4,67.1,398,0.581,0.528,0.668,0.503
2025-10-15T03:12:00,19.7,69.6,394,0.584,0.528,0.665,0.501
2025-10-15T03:13:00,19.7,67.4,409,0.584,0.527,0.667,0.504
2025-10-15T03:14:00,19.7,68.8,392,0.58,0.526,0.669,0.501
2025-10-15T03:15:00,20.1,68.4,396,0.585,0.524,0.667,0.501
2025-10-15T03:16:00,20.1,68.9,410,0.585,0.526,0.666,0.503
2025-10-15T03:17:00,19.9,69.9,400,0.584,0.522,0.665,0.503
2025-10-15T03:18:00,19.7,71.7,388,0.586,0.521,0.662,0.507
2025-10-15T03:19:00,19.7,70.7,404,0.587,0.52,0.658,0.506
2025-10-15T03:20:00,20.1,70.3,397,0.589,0.52,0.657,0.507
2025-10-15T03:21:00,19.9,71.3,412,0.588,0.517,0.656,0.51
2025-10-15T03:22:00,19.9,70.1,395,0.588,0.516,0.653,0.507
2025-10-15T03:23:00,20.6,67.8,408,0.585,0.515,0.653,0.503
2025-10-15T03:24:00,20.1,70.3,414,0.586,0.517,0.655,0.501
2025-10-15T03:25:00,20.5,69.6,393,0.586,0.517,0.656,0.503
2025-10-15T03:26:00,20.0,70.0,398,0.586,0.515,0.656,0.499
2025-10-15T03:27:00,20.2,66.4,403,0.586,0.513,0.652,0.5
2025-10-15T03:28:00,20.1,67.5,393,0.585,0.515,0.653,0.501
2025-10-15T03:29:00,19.7,69.3,402,0.583,0.512,0.653,0.505
2025-10-15T03:30:00,20.6,69.0,398,0.584,0.512,0.653,0.506
2025-10-15T03:31:00,20.1,68.7,398,0.587,0.511,0.657,0.507
2025-10-15T03:32:00,20.4,69.9,400,0.585,0.51,0.655,0.509
2025-10-15T03:33:00,20.0,71.0,401,0.586,0.515,0.649,0.51
2025-10-15T03:34:00,20.2,70.5,401,0.587,0.514,0.646,0.509
2025-10-15T03:35:00,20.0,70.9,395,0.586,0.515,0.647,0.506
2025-10-15T03:36:00,20.6,66.2,396,0.583,0.513,0.647,0.505
2025-10-15T03:37:00,20.3,69.0,399,0.58,0.514,0.644,0.504
2025-10-15T03:38:00,20.4,67.4,400,0.578,0.515,0.641,0.504
2025-10-15T03:39:00,20.7,65.2,396,0.574,0.514,0.64,0.5
2025-10-15T03:40:00,20.6,67.3,403,0.576,0.513,0.637,0.499
2025-10-15T03:41:00,20.5,69.9,385,0.577,0.511,0.638,0.499
2025-10-15T03:42:00,19.9,69.9,394,0.576,0.509,0.637,0.5
2025-10-15T03:43:00,20.1,71.8,398,0.572,0.511,0.635,0.503
2025-10-15T03:44:00,20.0,69.2,393,0.568,0.509,0.633,0.503
2025-10-15T03:45:00,20.6,71.6,413,0.567,0.504,0.634,0.501
2025-10-15T03:46:00,20.4,68.5,400,0.571,0.507,0.633,0.497
2025-10-15T03:47:00,19.9,69.2,401,0.569,0.505,0.634,0.498
2025-10-15T03:48:00,20.3,66.5,396,0.571,0.505,0.634,0.496
2025-10-15T03:49:00,19.9,70.8,400,0.57,0.507,0.633,0.497
2025-10-15T03:50:00,20.4,67.5,390,0.569,0.507,0.631,0.5
2025-10-15T03:51:00,19.9,68.2,399,0.571,0.506,0.629,0.496
2025-10-15T03:52:00,20.6,69.8,393,0.57,0.504,0.628,0.497
2025-10-15T03:53:00,20.5,69.7,398,0.569,0.5,0.632,0.499
2025-10-15T03:54:00,21.0,68.7,380,0.571,0.499,0.629,0.501
2025-10-15T03:55:00,20.7,67.1,391,0.571,0.5,0.628,0.497
2025-10-15T03:56:00,20.3,68.3,412,0.573,0.5,0.627,0.495
2025-10-15T03:57:00,20.7,67.5,407,0.571,0.499,0.627,0.492
2025-10-15T03:58:00,20.1,70.1,411,0.574,0.499,0.628,0.492
2025-10-15T03:59:00,20.2,70.9,411,0.574,0.495,0.628,0.493
2025-10-15T04:00:00,20.6,68.4,405,0.575,0.495,0.627,0.487
2025-10-15T04:01:00,19.9,72.2,396,0.575,0.495,0.628,0.486
2025-10-15T04:02:00,20.5,69.3,392,0.573,0.499,0.631,0.488
2025-10-15T04:03:00,20.2,68.2,409,0.573,0.499,0.634,0.488
2025-10-15T04:04:00,20.6,69.1,401,0.572,0.496,0.633,0.488
2025-10-15T04:05:00,20.2,71.1,420,0.573,0.496,0.633,0.487
2025-10-15T04:06:00,20.7,70.6,397,0.573,0.495,0.633,0.484
2025-10-15T04:07:00,20.6,69.6,416,0.569,0.496,0.633,0.484
2025-10-15T04:08:00,21.0,67.0,399,0.566,0.495,0.631,0.484
2025-10-15T04:09:00,20.6,67.5,411,0.562,0.493,0.632,0.485
2025-10-15T04:10:00,20.4,69.1,414,0.563,0.489,0.632,0.486
2025-10-15T04:11:00,20.6,70.4,392,0.56,0.489,0.632,0.486
2025-10-15T04:12:00,20.2,69.2,396,0.561,0.492,0.629,0.487
2025-10-15T04:13:00,20.8,68.1,392,0.561,0.492,0.629,0.486
2025-10-15T04:14:00,20.8,67.4,390,0.56,0.493,0.625,0.483
2025-10-15T04:15:00,21.4,65.7,405,0.561,0.495,0.623,0.484
2025-10-15T04:16:00,20.5,67.8,398,0.561,0.495,0.622,0.484
2025-10-15T04:17:00,20.6,68.0,400,0.555,0.493,0.622,0.484
2025-10-15T04:18:00,20.5,70.5,404,0.554,0.493,0.626,0.482
2025-10-15T04:19:00,20.8,67.1,385,0.555,0.495,0.627,0.485
2025-10-15T04:20:00,20.8,67.4,410,0.558,0.496,0.629,0.486
2025-10-15T04:21:00,20.7,66.2,397,0.561,0.497,0.63,0.485
2025-10-15T04:22:00,21.1,67.9,404,0.558,0.496,0.632,0.483
2025-10-15T04:23:00,20.6,69.9,405,0.557,0.495,0.636,0.485
2025-10-15T04:24:00,21.1,69.3,411,0.553,0.495,0.634,0.482
2025-10-15T04:25:00,21.0,67.4,399,0.556,0.494,0.632,0.487
2025-10-15T04:26:00,20.8,68.3,383,0.558,0.496,0.633,0.485
2025-10-15T04:27:00,20.7,67.3,400,0.558,0.491,0.633,0.488
2025-10-15T04:28:00,21.6,66.7,402,0.558,0.491,0.633,0.488
2025-10-15T04:29:00,20.6,68.3,392,0.561,0.49,0.632,0.49
2025-10-15T04:30:00,20.9,67.2,401,0.563,0.487,0.63,0.489
2025-10-15T04:31:00,20.6,67.9,397,0.565,0.488,0.633,0.488
2025-10-15T04:32:00,21.4,66.9,389,0.565,0.487,0.631,0.49
2025-10-15T04:33:00,21.2,66.3,405,0.564,0.486,0.632,0.491
2025-10-15T04:34:00,20.7,67.2,395,0.566,0.489,0.633,0.493
2025-10-15T04:35:00,21.1,69.4,397,0.567,0.491,0.629,0.491
2025-10-15T04:36:00,21.0,71.1,396,0.566,0.492,0.627,0.491
2025-10-15T04:37:00,20.8,65.6,410,0.565,0.492,0.626,0.493
2025-10-15T04:38:00,21.2,64.8,400,0.567,0.492,0.627,0.492
2025-10-15T04:39:00,21.1,65.4,401,0.57,0.495,0.626,0.493
2025-10-15T04:40:00,21.0,66.8,396,0.568,0.497,0.625,0.492
2025-10-15T04:41:00,21.0,68.4,404,0.568,0.495,0.622,0.492
2025-10-15T04:42:00,21.1,67.6,411,0.568,0.492,0.626,0.492
2025-10-15T04:43:00,21.1,67.1,405,0.569,0.492,0.626,0.49
2025-10-15T04:44:00,21.0,67.7,405,0.567,0.492,0.627,0.489
2025-10-15T04:45:00,20.8,66.3,405,0.571,0.489,0.625,0.489
2025-10-15T04:46:00,21.6,65.5,389,0.571,0.489,0.624,0.489
2025-10-15T04:47:00,20.7,67.5,393,0.572,0.489,0.627,0.491
2025-10-15T04:48:00,21.2,64.2,398,0.575,0.489,0.623,0.493
2025-10-15T04:49:00,21.0,65.3,394,0.574,0.49,0.623,0.493
2025-10-15T04:50:00,21.6,64.1,391,0.574,0.488,0.621,0.492
2025-10-15T04:51:00,20.8,68.5,385,0.571,0.489,0.62,0.49
2025-10-15T04:52:00,20.9,67.6,389,0.57,0.488,0.618,0.493
2025-10-15T04:53:00,20.8,68.2,398,0.567,0.487,0.616,0.491
2025-10-15T04:54:00,21.2,63.8,399,0.568,0.486,0.615,0.491
2025-10-15T04:55:00,20.7,65.3,394,0.569,0.488,0.61,0.491
2025-10-15T04:56:00,21.0,67.9,401,0.568,0.487,0.609,0.49
2025-10-15T04:57:00,20.5,63.8,397,0.567,0.489,0.609,0.488
2025-10-15T04:58:00,21.3,68.3,409,0.569,0.492,0.606,0.486
2025-10-15T04:59:00,21.1,64.1,399,0.566,0.491,0.608,0.485
2025-10-15T05:00:00,20.8,68.7,406,0.566,0.484,0.607,0.483
2025-10-15T05:01:00,21.6,64.5,402,0.567,0.486,0.606,0.485
2025-10-15T05:02:00,20.9,68.9,389,0.563,0.485,0.605,0.485
2025-10-15T05:03:00,21.5,70.8,399,0.564,0.483,0.604,0.484
2025-10-15T05:04:00,21.1,63.5,390,0.561,0.482,0.606,0.484
2025-10-15T05:05:00,21.8,66.5,399,0.56,0.481,0.611,0.485
2025-10-15T05:06:00,21.5,63.2,394,0.558,0.483,0.612,0.484
2025-10-15T05:07:00,21.0,67.6,403,0.56,0.483,0.614,0.485
2025-10-15T05:08:00,21.1,66.6,389,0.558,0.485,0.617,0.482
2025-10-15T05:09:00,21.5,66.2,400,0.554,0.486,0.617,0.484
2025-10-15T05:10:00,21.3,65.1,405,0.554,0.485,0.62,0.484
2025-10-15T05:11:00,21.3,67.5,407,0.553,0.484,0.622,0.484
2025-10-15T05:12:00,21.8,63.3,394,0.549,0.485,0.622,0.482
2025-10-15T05:13:00,21.2,68.5,400,0.55,0.486,0.622,0.479
2025-10-15T05:14:00,21.4,65.5,401,0.546,0.488,0.618,0.476
2025-10-15T05:15:00,21.7,63.5,412,0.544,0.487,0.618,0.474
2025-10-15T05:16:00,21.7,68.1,388,0.542,0.487,0.615,0.475
2025-10-15T05:17:00,21.4,66.1,393,0.543,0.488,0.611,0.472
2025-10-15T05:18:00,21.4,69.1,422,0.546,0.487,0.611,0.469
2025-10-15T05:19:00,20.9,68.9,398,0.548,0.484,0.609,0.467
2025-10-15T05:20:00,21.2,65.5,385,0.547,0.482,0.609,0.466
2025-10-15T05:21:00,21.6,65.7,395,0.542,0.482,0.609,0.465
2025-10-15T05:22:00,21.5,66.3,378,0.542,0.483,0.609,0.464
2025-10-15T05:23:00,21.5,68.2,402,0.545,0.485,0.607,0.466
2025-10-15T05:24:00,21.8,66.0,406,0.547,0.482,0.608,0.468
2025-10-15T05:25:00,21.2,66.9,393,0.548,0.48,0.608,0.472
2025-10-15T05:26:00,21.5,65.7,396,0.545,0.479,0.608,0.468
2025-10-15T05:27:00,21.6,65.7,407,0.544,0.481,0.605,0.466
2025-10-15T05:28:00,21.4,68.2,386,0.547,0.479,0.605,0.468
2025-10-15T05:29:00,22.0,65.0,389,0.544,0.478,0.607,0.466
2025-10-15T05:30:00,21.9,64.6,398,0.542,0.475,0.608,0.468
2025-10-15T05:31:00,21.7,64.7,394,0.543,0.476,0.606,0.468
2025-10-15T05:32:00,22.2,63.8,398,0.542,0.475,0.605,0.471
2025-10-15T05:33:00,21.2,64.5,390,0.539,0.473,0.603,0.473
2025-10-15T05:34:00,21.7,64.6,402,0.542,0.473,0.601,0.474
2025-10-15T05:35:00,21.8,67.7,399,0.543,0.474,0.598,0.473
2025-10-15T05:36:00,21.4,65.9,404,0.542,0.472,0.598,0.473
2025-10-15T05:37:00,21.8,66.5,402,0.539,0.47,0.598,0.472
2025-10-15T05:38:00,21.4,62.5,402,0.543,0.472,0.597,0.469
2025-10-15T05:39:00,21.9,66.0,388,0.543,0.472,0.596,0.471
2025-10-15T05:40:00,22.1,64.6,404,0.545,0.473,0.595,0.472
2025-10-15T05:41:00,21.8,64.6,397,0.546,0.474,0.597,0.471
2025-10-15T05:42:00,21.2,66.9,399,0.545,0.473,0.596,0.474
2025-10-15T05:43:00,21.5,65.3,408,0.544,0.472,0.594,0.472
2025-10-15T05:44:00,22.0,61.9,394,0.546,0.474,0.592,0.468
2025-10-15T05:45:00,21.8,66.8,411,0.549,0.476,0.59,0.47
2025-10-15T05:46:00,21.0,67.3,412,0.545,0.478,0.59,0.467
2025-10-15T05:47:00,22.2,64.1,406,0.546,0.475,0.59,0.466
2025-10-15T05:48:00,21.9,63.8,392,0.545,0.477,0.59,0.466
2025-10-15T05:49:00,21.6,63.6,383,0.543,0.476,0.592,0.467
2025-10-15T05:50:00,22.2,65.0,409,0.543,0.474,0.594,0.468
2025-10-15T05:51:00,21.7,68.1,401,0.54,0.474,0.591,0.469
2025-10-15T05:52:00,21.7,65.9,394,0.539,0.475,0.592,0.47
2025-10-15T05:53:00,22.0,62.9,409,0.537,0.476,0.592,0.468
2025-10-15T05:54:00,22.5,64.4,393,0.536,0.475,0.591,0.468
2025-10-15T05:55:00,22.4,64.1,397,0.535,0.477,0.591,0.465
2025-10-15T05:56:00,22.1,66.2,404,0.533,0.477,0.587,0.468
2025-10-15T05:57:00,22.1,65.7,391,0.536,0.475,0.59,0.465
2025-10-15T05:58:00,22.2,60.1,399,0.536,0.473,0.591,0.464
2025-10-15T05:59:00,21.6,66.6,409,0.54,0.474,0.589,0.461
2025-10-15T06:00:00,22.2,63.1,402,0.539,0.473,0.587,0.459
2025-10-15T06:01:00,21.8,63.3,410,0.538,0.47,0.583,0.459
2025-10-15T06:02:00,22.1,64.5,409,0.541,0.472,0.582,0.457
2025-10-15T06:03:00,22.0,65.7,399,0.539,0.471,0.581,0.459
2025-10-15T06:04:00,22.2,62.1,380,0.539,0.473,0.578,0.46
2025-10-15T06:05:00,22.1,65.9,390,0.54,0.47,0.579,0.458
2025-10-15T06:06:00,21.2,67.8,405,0.537,0.47,0.582,0.458
2025-10-15T06:07:00,22.1,64.8,386,0.538,0.468,0.581,0.46
2025-10-15T06:08:00,22.3,63.1,395,0.539,0.466,0.58,0.461
2025-10-15T06:09:00,22.3,63.0,400,0.541,0.464,0.581,0.459
2025-10-15T06:10:00,22.1,66.3,409,0.543,0.468,0.581,0.457
2025-10-15T06:11:00,22.6,61.5,393,0.545,0.468,0.578,0.458
2025-10-15T06:12:00,22.3,66.1,392,0.545,0.466,0.577,0.458
2025-10-15T06:13:00,22.3,64.1,396,0.543,0.462,0.576,0.456
2025-10-15T06:14:00,22.5,63.9,399,0.547,0.458,0.576,0.457
2025-10-15T06:15:00,22.3,61.8,395,0.543,0.457,0.576,0.455
2025-10-15T06:16:00,21.9,64.9,404,0.54,0.455,0.576,0.457
2025-10-15T06:17:00,21.5,66.9,389,0.541,0.454,0.572,0.458
2025-10-15T06:18:00,22.1,62.8,396,0.544,0.45,0.573,0.455
2025-10-15T06:19:00,22.5,64.8,399,0.544,0.449,0.573,0.454
2025-10-15T06:20:00,22.2,64.8,392,0.546,0.451,0.578,0.453
2025-10-15T06:21:00,22.5,63.0,401,0.541,0.454,0.577,0.453
2025-10-15T06:22:00,22.3,65.6,395,0.54,0.45,0.577,0.452
2025-10-15T06:23:00,22.7,60.3,400,0.536,0.448,0.583,0.449
2025-10-15T06:24:00,22.2,65.1,395,0.537,0.446,0.583,0.446
2025-10-15T06:25:00,22.5,66.5,396,0.534,0.446,0.582,0.447
2025-10-15T06:26:00,22.5,66.2,388,0.531,0.443,0.58,0.447
2025-10-15T06:27:00,22.8,64.0,388,0.532,0.446,0.583,0.447
2025-10-15T06:28:00,21.9,64.8,402,0.534,0.446,0.58,0.448
2025-10-15T06:29:00,22.2,63.6,398,0.533,0.445,0.581,0.446
2025-10-15T06:30:00,22.6,63.3,384,0.534,0.448,0.579,0.446
2025-10-15T06:31:00,22.9,64.1,393,0.535,0.448,0.579,0.451
2025-10-15T06:32:00,22.5,62.8,373,0.534,0.448,0.576,0.453
2025-10-15T06:33:00,22.3,65.5,387,0.531,0.447,0.578,0.452
2025-10-15T06:34:00,22.7,66.9,399,0.532,0.444,0.577,0.451
2025-10-15T06:35:00,22.7,63.5,390,0.533,0.442,0.574,0.445
2025-10-15T06:36:00,22.4,62.3,392,0.535,0.446,0.577,0.447
2025-10-15T06:37:00,22.6,61.8,366,0.535,0.447,0.575,0.448
2025-10-15T06:38:00,22.8,64.5,387,0.532,0.447,0.576,0.446
2025-10-15T06:39:00,23.1,62.8,393,0.533,0.445,0.577,0.443
2025-10-15T06:40:00,22.7,64.8,393,0.533,0.447,0.578,0.441
2025-10-15T06:41:00,22.5,63.1,397,0.532,0.444,0.573,0.441
2025-10-15T06:42:00,22.5,65.2,387,0.531,0.44,0.574,0.441
2025-10-15T06:43:00,22.7,63.3,387,0.529,0.439,0.574,0.442
2025-10-15T06:44:00,22.5,62.8,378,0.531,0.442,0.573,0.442
2025-10-15T06:45:00,22.6,63.1,387,0.528,0.446,0.572,0.443
2025-10-15T06:46:00,22.3,62.6,378,0.525,0.445,0.569,0.444
2025-10-15T06:47:00,23.0,66.0,373,0.524,0.443,0.569,0.445
2025-10-15T06:48:00,22.3,64.3,379,0.527,0.439,0.566,0.441
2025-10-15T06:49:00,22.5,65.0,399,0.529,0.439,0.565,0.438
2025-10-15T06:50:00,22.7,62.8,385,0.525,0.439,0.565,0.437
2025-10-15T06:51:00,23.3,60.9,388,0.528,0.441,0.567,0.439
2025-10-15T06:52:00,22.5,63.6,382,0.53,0.442,0.565,0.442
2025-10-15T06:53:00,22.5,65.7,372,0.528,0.441,0.567,0.442
2025-10-15T06:54:00,22.5,63.1,393,0.522,0.442,0.569,0.44
2025-10-15T06:55:00,23.2,61.3,368,0.522,0.44,0.568,0.436
2025-10-15T06:56:00,21.9,65.5,381,0.524,0.441,0.565,0.437
2025-10-15T06:57:00,22.4,64.9,385,0.527,0.44,0.562,0.436
2025-10-15T06:58:00,23.6,64.3,387,0.525,0.441,0.562,0.441
2025-10-15T06:59:00,22.9,63.6,379,0.662,0.596,0.704,0.594
2025-10-15T07:00:00,22.4,65.1,370,0.807,0.748,0.867,0.738
2025-10-15T07:01:00,22.8,64.5,378,0.95,0.886,0.95,0.886
2025-10-15T07:02:00,22.8,61.6,378,0.95,0.883,0.95,0.885
2025-10-15T07:03:00,23.1,61.4,377,0.947,0.882,0.95,0.887
2025-10-15T07:04:00,23.4,60.6,391,0.948,0.88,0.95,0.888
2025-10-15T07:05:00,23.0,61.1,373,0.949,0.883,0.95,0.889
2025-10-15T07:06:00,22.7,64.8,385,0.945,0.883,0.95,0.889
2025-10-15T07:07:00,23.1,63.2,384,0.941,0.885,0.946,0.886
2025-10-15T07:08:00,22.7,63.8,390,0.943,0.885,0.947,0.886
2025-10-15T07:09:00,22.6,60.0,381,0.942,0.883,0.947,0.886
2025-10-15T07:10:00,22.4,67.3,388,0.939,0.883,0.948,0.882
2025-10-15T07:11:00,22.4,62.8,380,0.939,0.885,0.949,0.882
2025-10-15T07:12:00,22.7,66.8,385,0.939,0.887,0.948,0.881
2025-10-15T07:13:00,22.6,61.7,369,0.939,0.886,0.95,0.878
2025-10-15T07:14:00,23.0,61.7,360,0.935,0.883,0.949,0.877
2025-10-15T07:15:00,22.6,60.5,384,0.939,0.879,0.949,0.876
2025-10-15T07:16:00,22.0,65.5,384,0.94,0.878,0.948,0.88
2025-10-15T07:17:00,22.7,62.0,384,0.939,0.873,0.949,0.88
2025-10-15T07:18:00,22.9,61.7,376,0.938,0.876,0.948,0.882
2025-10-15T07:19:00,22.8,61.3,391,0.939,0.877,0.95,0.881
2025-10-15T07:20:00,23.5,63.2,376,0.936,0.875,0.95,0.877
2025-10-15T07:21:00,22.9,64.4,382,0.937,0.873,0.95,0.878
2025-10-15T07:22:00,23.3,65.1,384,0.934,0.875,0.95,0.877
2025-10-15T07:23:00,23.1,61.9,392,0.933,0.872,0.947,0.876
2025-10-15T07:24:00,23.1,63.2,376,0.931,0.87,0.943,0.873
2025-10-15T07:25:00,22.8,61.4,373,0.928,0.868,0.943,0.873
2025-10-15T07:26:00,23.1,62.3,366,0.931,0.868,0.942,0.875
2025-10-15T07:27:00,22.9,62.5,390,0.931,0.869,0.942,0.877
2025-10-15T07:28:00,23.2,63.3,381,0.931,0.871,0.938,0.879
2025-10-15T07:29:00,23.1,64.4,381,0.927,0.873,0.94,0.883
2025-10-15T07:30:00,22.9,64.8,402,0.925,0.872,0.944,0.878
2025-10-15T07:31:00,23.5,60.8,379,0.926,0.874,0.946,0.875
2025-10-15T07:32:00,23.3,63.9,366,0.926,0.873,0.948,0.872
2025-10-15T07:33:00,23.0,62.8,374,0.921,0.869,0.948,0.873
2025-10-15T07:34:00,23.2,62.0,368,0.921,0.867,0.946,0.871
2025-10-15T07:35:00,23.2,61.6,372,0.922,0.865,0.946,0.87
2025-10-15T07:36:00,23.0,62.2,372,0.924,0.864,0.95,0.869
2025-10-15T07:37:00,23.3,65.1,370,0.923,0.861,0.949,0.869
2025-10-15T07:38:00,23.1,63.3,364,0.918,0.86,0.948,0.866
2025-10-15T07:39:00,23.0,63.3,387,0.915,0.861,0.95,0.863
2025-10-15T07:40:00,22.8,63.0,377,0.913,0.864,0.95,0.863
2025-10-15T07:41:00,23.2,66.3,372,0.914,0.86,0.948,0.865
2025-10-15T07:42:00,23.5,64.0,380,0.908,0.858,0.947,0.865
2025-10-15T07:43:00,23.1,61.7,377,0.907,0.856,0.946,0.863
2025-10-15T07:44:00,24.1,60.4,376,0.91,0.857,0.946,0.858
2025-10-15T07:45:00,23.6,61.5,379,0.909,0.856,0.948,0.86
2025-10-15T07:46:00,23.7,61.8,374,0.911,0.854,0.946,0.858
2025-10-15T07:47:00,23.6,60.8,378,0.907,0.856,0.948,0.855
2025-10-15T07:48:00,23.9,61.8,378,0.904,0.857,0.947,0.852
2025-10-15T07:49:00,23.1,64.9,373,0.906,0.857,0.95,0.848
2025-10-15T07:50:00,22.6,61.8,370,0.906,0.855,0.95,0.846
2025-10-15T07:51:00,23.3,60.8,384,0.906,0.855,0.95,0.845
2025-10-15T07:52:00,23.6,61.1,368,0.904,0.854,0.95,0.843
2025-10-15T07:53:00,23.5,61.4,374,0.904,0.854,0.949,0.843
2025-10-15T07:54:00,23.5,65.0,374,0.901,0.852,0.945,0.842
2025-10-15T07:55:00,23.8,62.8,366,0.903,0.854,0.944,0.846
2025-10-15T07:56:00,23.6,63.3,364,0.908,0.854,0.944,0.842
2025-10-15T07:57:00,23.7,61.2,367,0.909,0.856,0.94,0.843
2025-10-15T07:58:00,23.2,62.2,366,0.907,0.858,0.94,0.843
2025-10-15T07:59:00,23.2,60.5,358,0.902,0.859,0.935,0.84
2025-10-15T08:00:00,24.0,62.2,364,0.898,0.857,0.934,0.84
2025-10-15T08:01:00,23.5,62.7,371,0.901,0.859,0.934,0.841
2025-10-15T08:02:00,23.3,64.3,379,0.899,0.86,0.934,0.841
2025-10-15T08:03:00,23.3,62.0,373,0.898,0.865,0.933,0.844
2025-10-15T08:04:00,23.4,62.1,348,0.899,0.865,0.933,0.839
2025-10-15T08:05:00,23.3,62.6,373,0.901,0.866,0.931,0.837
2025-10-15T08:06:00,23.2,64.0,363,0.901,0.866,0.931,0.84
2025-10-15T08:07:00,23.1,60.5,371,0.9,0.866,0.93,0.841
2025-10-15T08:08:00,23.5,63.0,367,0.899,0.865,0.928,0.842
2025-10-15T08:09:00,23.4,62.1,366,0.898,0.865,0.928,0.844
2025-10-15T08:10:00,23.9,59.5,366,0.896,0.866,0.929,0.84
2025-10-15T08:11:00,23.7,58.5,367,0.897,0.868,0.928,0.841
2025-10-15T08:12:00,23.7,61.4,377,0.897,0.869,0.933,0.843
2025-10-15T08:13:00,23.4,64.3,366,0.901,0.867,0.932,0.842
2025-10-15T08:14:00,23.6,64.3,375,0.902,0.866,0.931,0.846
2025-10-15T08:15:00,23.8,62.0,373,0.904,0.863,0.93,0.847
2025-10-15T08:16:00,23.9,64.2,371,0.901,0.866,0.928,0.842
2025-10-15T08:17:00,23.7,61.6,351,0.902,0.865,0.929,0.842
2025-10-15T08:18:00,24.0,62.4,374,0.9,0.867,0.927,0.841
2025-10-15T08:19:00,23.7,60.9,361,0.901,0.867,0.926,0.843
2025-10-15T08:20:00,24.0,60.3,370,0.902,0.867,0.924,0.843
2025-10-15T08:21:00,23.6,60.8,357,0.901,0.867,0.922,0.842
2025-10-15T08:22:00,23.2,59.5,355,0.906,0.865,0.918,0.845
2025-10-15T08:23:00,23.8,63.3,380,0.909,0.863,0.917,0.846
2025-10-15T08:24:00,24.0,60.1,356,0.911,0.866,0.919,0.844
2025-10-15T08:25:00,23.9,59.9,373,0.912,0.866,0.919,0.844
2025-10-15T08:26:00,23.9,59.4,364,0.915,0.868,0.921,0.844
2025-10-15T08:27:00,23.7,61.3,360,0.912,0.87,0.923,0.843
2025-10-15T08:28:00,23.6,64.5,362,0.914,0.869,0.923,0.842
2025-10-15T08:29:00,24.0,64.2,352,0.912,0.87,0.927,0.842
2025-10-15T08:30:00,24.0,58.6,362,0.911,0.869,0.926,0.84
2025-10-15T08:31:00,23.7,61.1,353,0.911,0.867,0.926,0.835
2025-10-15T08:32:00,24.2,59.1,359,0.914,0.866,0.926,0.835
2025-10-15T08:33:00,23.6,63.3,369,0.911,0.867,0.929,0.831
2025-10-15T08:34:00,23.7,62.0,363,0.91,0.866,0.928,0.829
2025-10-15T08:35:00,24.4,59.3,349,0.91,0.865,0.927,0.825
2025-10-15T08:36:00,24.1,60.8,368,0.909,0.864,0.928,0.821
2025-10-15T08:37:00,23.8,60.7,361,0.91,0.868,0.926,0.822
2025-10-15T08:38:00,24.0,63.4,356,0.917,0.864,0.926,0.821
2025-10-15T08:39:00,24.0,61.9,366,0.917,0.865,0.927,0.82
2025-10-15T08:40:00,23.1,63.8,359,0.916,0.864,0.926,0.817
2025-10-15T08:41:00,23.7,57.7,350,0.913,0.862,0.927,0.816
2025-10-15T08:42:00,26.9,55.2,374,0.912,0.861,0.924,0.816
2025-10-15T08:43:00,26.8,58.6,359,0.91,0.862,0.924,0.816
2025-10-15T08:44:00,27.0,57.0,358,0.91,0.864,0.923,0.817
2025-10-15T08:45:00,27.2,51.7,356,0.911,0.864,0.928,0.819
2025-10-15T08:46:00,26.8,54.9,368,0.91,0.866,0.928,0.818
2025-10-15T08:47:00,26.6,54.0,354,0.913,0.868,0.927,0.814
2025-10-15T08:48:00,27.0,57.5,346,0.912,0.869,0.924,0.812
2025-10-15T08:49:00,26.8,55.7,353,0.911,0.868,0.926,0.812
2025-10-15T08:50:00,26.9,54.0,368,0.912,0.868,0.925,0.81
2025-10-15T08:51:00,26.9,55.3,364,0.913,0.869,0.923,0.807
2025-10-15T08:52:00,27.6,49.8,355,0.916,0.867,0.923,0.807
2025-10-15T08:53:00,26.3,54.7,368,0.916,0.864,0.924,0.812
2025-10-15T08:54:00,26.9,55.3,363,0.918,0.859,0.925,0.81
2025-10-15T08:55:00,27.0,56.3,355,0.916,0.859,0.925,0.81
2025-10-15T08:56:00,26.8,52.5,355,0.918,0.86,0.925,0.807
2025-10-15T08:57:00,24.4,59.7,359,0.919,0.857,0.925,0.809
2025-10-15T08:58:00,24.3,61.8,349,0.922,0.859,0.926,0.811
2025-10-15T08:59:00,24.1,58.6,356,0.919,0.859,0.926,0.812
2025-10-15T09:00:00,24.0,61.3,358,0.916,0.861,0.928,0.815
2025-10-15T09:01:00,24.1,60.9,342,0.918,0.862,0.928,0.813
2025-10-15T09:02:00,24.1,63.4,354,0.912,0.859,0.926,0.812
2025-10-15T09:03:00,24.1,60.4,352,0.913,0.86,0.925,0.816
2025-10-15T09:04:00,24.1,60.5,363,0.915,0.861,0.927,0.817
2025-10-15T09:05:00,24.2,61.8,340,0.913,0.859,0.923,0.812
2025-10-15T09:06:00,24.4,58.2,351,0.912,0.856,0.919,0.812
2025-10-15T09:07:00,23.8,61.0,350,0.91,0.856,0.92,0.811
2025-10-15T09:08:00,23.9,60.6,362,0.908,0.854,0.923,0.812
2025-10-15T09:09:00,23.7,61.4,353,0.907,0.856,0.92,0.813
2025-10-15T09:10:00,24.5,61.3,368,0.905,0.855,0.92,0.809
2025-10-15T09:11:00,24.3,61.2,358,0.904,0.858,0.919,0.809
2025-10-15T09:12:00,24.4,59.1,350,0.903,0.853,0.918,0.81
2025-10-15T09:13:00,23.8,61.6,355,0.902,0.853,0.919,0.81
2025-10-15T09:14:00,24.8,61.7,350,0.905,0.856,0.916,0.811
2025-10-15T09:15:00,24.1,59.6,359,0.904,0.854,0.913,0.814
2025-10-15T09:16:00,24.3,60.6,341,0.905,0.853,0.912,0.814
2025-10-15T09:17:00,24.5,59.7,345,0.903,0.852,0.912,0.814
2025-10-15T09:18:00,24.0,60.9,355,0.902,0.85,0.909,0.816
2025-10-15T09:19:00,24.1,58.3,361,0.898,0.85,0.91,0.82
2025-10-15T09:20:00,24.4,62.4,334,0.895,0.848,0.909,0.821
2025-10-15T09:21:00,25.2,57.5,362,0.892,0.847,0.908,0.822
2025-10-15T09:22:00,24.4,61.7,350,0.892,0.848,0.908,0.822
2025-10-15T09:23:00,24.8,58.5,336,0.894,0.847,0.908,0.822
2025-10-15T09:24:00,24.7,58.7,326,0.89,0.845,0.909,0.822
2025-10-15T09:25:00,24.5,61.9,338,0.888,0.846,0.907,0.826
2025-10-15T09:26:00,24.1,62.4,350,0.885,0.848,0.904,0.824
2025-10-15T09:27:00,24.7,60.0,349,0.885,0.845,0.903,0.826
2025-10-15T09:28:00,23.9,62.3,355,0.886,0.842,0.903,0.826
2025-10-15T09:29:00,24.9,58.9,345,0.885,0.84,0.9,0.823
2025-10-15T09:30:00,24.4,60.1,340,0.885,0.841,0.897,0.822
2025-10-15T09:31:00,23.6,60.8,346,0.887,0.841,0.897,0.82
2025-10-15T09:32:00,24.3,61.8,349,0.888,0.842,0.895,0.821
2025-10-15T09:33:00,24.6,58.8,350,0.886,0.842,0.892,0.821
2025-10-15T09:34:00,24.3,62.5,342,0.886,0.839,0.894,0.819
2025-10-15T09:35:00,24.6,59.3,355,0.884,0.841,0.892,0.822
2025-10-15T09:36:00,24.2,60.7,343,0.885,0.84,0.894,0.823
2025-10-15T09:37:00,24.0,62.1,341,0.886,0.84,0.894,0.826
2025-10-15T09:38:00,24.4,60.2,343,0.883,0.836,0.894,0.826
2025-10-15T09:39:00,24.5,59.6,356,0.883,0.835,0.893,0.826
2025-10-15T09:40:00,24.4,60.2,346,0.882,0.836,0.888,0.827
2025-10-15T09:41:00,24.8,60.7,341,0.883,0.835,0.885,0.826
2025-10-15T09:42:00,24.2,59.6,354,0.884,0.836,0.885,0.826
2025-10-15T09:43:00,24.6,59.7,364,0.885,0.831,0.885,0.825
2025-10-15T09:44:00,24.5,60.0,348,0.884,0.83,0.881,0.822
2025-10-15T09:45:00,24.0,62.2,356,0.886,0.829,0.881,0.822
2025-10-15T09:46:00,24.1,60.6,354,0.884,0.832,0.878,0.821
2025-10-15T09:47:00,24.5,62.7,341,0.881,0.83,0.878,0.82
2025-10-15T09:48:00,25.1,58.5,346,0.874,0.831,0.878,0.82
2025-10-15T09:49:00,24.7,59.2,335,0.873,0.832,0.879,0.822
2025-10-15T09:50:00,24.0,60.7,344,0.872,0.831,0.881,0.82
2025-10-15T09:51:00,23.6,59.8,340,0.872,0.83,0.882,0.819
2025-10-15T09:52:00,24.8,57.9,342,0.868,0.83,0.883,0.818
2025-10-15T09:53:00,24.5,59.2,339,0.866,0.826,0.882,0.816
2025-10-15T09:54:00,24.9,60.9,342,0.867,0.825,0.888,0.814
2025-10-15T09:55:00,24.3,60.3,349,0.864,0.827,0.885,0.814
2025-10-15T09:56:00,24.7,58.9,343,0.865,0.828,0.883,0.814
2025-10-15T09:57:00,24.8,61.2,329,0.864,0.828,0.885,0.815
2025-10-15T09:58:00,24.5,62.4,338,0.863,0.827,0.886,0.812
2025-10-15T09:59:00,24.5,62.0,331,0.864,0.828,0.887,0.815
2025-10-15T10:00:00,24.6,58.5,345,0.866,0.83,0.888,0.816
2025-10-15T10:01:00,24.8,58.7,347,0.866,0.828,0.883,0.814
2025-10-15T10:02:00,24.6,62.5,345,0.864,0.831,0.886,0.816
2025-10-15T10:03:00,24.9,59.5,337,0.862,0.833,0.886,0.817
2025-10-15T10:04:00,24.5,59.6,345,0.863,0.834,0.888,0.816
2025-10-15T10:05:00,24.2,61.6,339,0.861,0.832,0.883,0.816
2025-10-15T10:06:00,25.2,60.1,333,0.86,0.83,0.884,0.816
2025-10-15T10:07:00,24.5,59.2,348,0.859,0.829,0.882,0.817
2025-10-15T10:08:00,24.5,60.4,349,0.859,0.829,0.883,0.817
2025-10-15T10:09:00,24.6,61.1,349,0.856,0.825,0.883,0.816
2025-10-15T10:10:00,24.7,57.9,337,0.852,0.826,0.884,0.812
2025-10-15T10:11:00,24.6,59.9,351,0.853,0.828,0.881,0.812
2025-10-15T10:12:00,24.7,58.0,337,0.855,0.829,0.881,0.811
2025-10-15T10:13:00,24.7,58.2,346,0.851,0.827,0.88,0.813
2025-10-15T10:14:00,24.7,58.7,337,0.851,0.825,0.881,0.813
2025-10-15T10:15:00,24.0,61.7,339,0.853,0.826,0.883,0.812
2025-10-15T10:16:00,25.3,58.0,321,0.854,0.825,0.883,0.814
2025-10-15T10:17:00,24.7,58.7,338,0.853,0.826,0.88,0.814
2025-10-15T10:18:00,24.9,59.3,341,0.851,0.826,0.88,0.814
2025-10-15T10:19:00,24.3,58.7,337,0.851,0.828,0.885,0.814
2025-10-15T10:20:00,24.6,60.5,354,0.851,0.826,0.888,0.817
2025-10-15T10:21:00,24.5,61.7,330,0.851,0.826,0.881,0.815
2025-10-15T10:22:00,25.2,58.5,335,0.85,0.825,0.881,0.814
2025-10-15T10:23:00,24.6,59.6,332,0.848,0.824,0.883,0.811
2025-10-15T10:24:00,25.0,59.6,335,0.848,0.826,0.882,0.812
2025-10-15T10:25:00,24.6,56.9,347,0.849,0.827,0.881,0.811
2025-10-15T10:26:00,24.6,60.6,351,0.849,0.83,0.88,0.81
2025-10-15T10:27:00,24.7,64.3,333,0.849,0.831,0.881,0.808
2025-10-15T10:28:00,25.1,58.5,333,0.852,0.83,0.878,0.808
2025-10-15T10:29:00,24.2,60.4,329,0.85,0.829,0.88,0.805
2025-10-15T10:30:00,24.4,61.4,349,0.853,0.825,0.88,0.801
2025-10-15T10:31:00,24.2,63.1,347,0.851,0.828,0.878,0.801
2025-10-15T10:32:00,24.5,61.6,337,0.853,0.827,0.88,0.797
2025-10-15T10:33:00,24.5,56.7,326,0.855,0.828,0.876,0.798
2025-10-15T10:34:00,24.3,61.2,327,0.854,0.829,0.875,0.801
2025-10-15T10:35:00,24.6,63.7,339,0.857,0.826,0.873,0.8
2025-10-15T10:36:00,24.2,61.5,342,0.858,0.824,0.877,0.802
2025-10-15T10:37:00,24.5,58.3,320,0.856,0.827,0.876,0.802
2025-10-15T10:38:00,25.2,59.1,334,0.855,0.827,0.871,0.805
2025-10-15T10:39:00,24.9,57.2,350,0.857,0.825,0.87,0.804
2025-10-15T10:40:00,24.9,61.1,335,0.858,0.825,0.87,0.799
2025-10-15T10:41:00,24.5,58.5,348,0.856,0.827,0.872,0.798
2025-10-15T10:42:00,24.4,60.4,341,0.855,0.828,0.876,0.801
2025-10-15T10:43:00,24.5,58.7,327,0.855,0.825,0.878,0.802
2025-10-15T10:44:00,24.8,58.5,334,0.854,0.828,0.878,0.801
2025-10-15T10:45:00,25.1,61.0,335,0.858,0.83,0.876,0.801
2025-10-15T10:46:00,25.1,58.9,328,0.859,0.829,0.879,0.803
2025-10-15T10:47:00,25.0,58.1,328,0.858,0.826,0.878,0.802
2025-10-15T10:48:00,24.6,58.0,347,0.86,0.828,0.877,0.807
2025-10-15T10:49:00,24.9,56.5,327,0.859,0.829,0.876,0.806
2025-10-15T10:50:00,24.8,57.6,344,0.861,0.826,0.873,0.808
2025-10-15T10:51:00,24.8,59.6,331,0.857,0.825,0.871,0.809
2025-10-15T10:52:00,25.5,59.5,334,0.856,0.831,0.871,0.807
2025-10-15T10:53:00,24.3,59.5,339,0.858,0.83,0.872,0.806
2025-10-15T10:54:00,24.8,61.7,330,0.861,0.829,0.871,0.808
2025-10-15T10:55:00,25.2,57.4,339,0.859,0.826,0.868,0.808
2025-10-15T10:56:00,24.4,59.8,318,0.857,0.83,0.864,0.808
2025-10-15T10:57:00,24.7,58.0,337,0.858,0.831,0.865,0.805
2025-10-15T10:58:00,24.7,61.0,314,0.856,0.834,0.864,0.806
2025-10-15T10:59:00,24.8,62.5,332,0.855,0.834,0.863,0.806
2025-10-15T11:00:00,24.4,57.5,340,0.857,0.836,0.862,0.806
2025-10-15T11:01:00,25.1,58.3,338,0.855,0.834,0.862,0.806
2025-10-15T11:02:00,25.1,60.7,323,0.851,0.834,0.865,0.805
2025-10-15T11:03:00,25.1,56.7,324,0.848,0.834,0.863,0.803
2025-10-15T11:04:00,24.6,60.6,327,0.848,0.837,0.863,0.803
2025-10-15T11:05:00,24.9,61.0,334,0.844,0.837,0.864,0.801
2025-10-15T11:06:00,24.6,59.8,316,0.843,0.835,0.863,0.805
2025-10-15T11:07:00,24.8,60.2,332,0.84,0.835,0.862,0.807
2025-10-15T11:08:00,25.6,60.5,335,0.843,0.832,0.862,0.805
2025-10-15T11:09:00,25.0,62.0,330,0.847,0.827,0.859,0.808
2025-10-15T11:10:00,24.6,59.8,336,0.844,0.828,0.859,0.807
2025-10-15T11:11:00,25.0,58.2,334,0.845,0.827,0.859,0.807
2025-10-15T11:12:00,24.5,58.6,327,0.842,0.826,0.859,0.809
2025-10-15T11:13:00,24.6,61.3,316,0.842,0.828,0.857,0.804
2025-10-15T11:14:00,24.6,57.7,333,0.845,0.83,0.857,0.804
2025-10-15T11:15:00,24.8,59.0,324,0.844,0.831,0.859,0.802
2025-10-15T11:16:00,25.2,58.7,327,0.843,0.834,0.863,0.802
2025-10-15T11:17:00,25.1,58.0,335,0.841,0.835,0.865,0.803
2025-10-15T11:18:00,25.1,59.2,342,0.843,0.835,0.862,0.802
2025-10-15T11:19:00,24.6,63.6,331,0.836,0.836,0.863,0.802
2025-10-15T11:20:00,24.8,59.2,335,0.835,0.833,0.862,0.803
2025-10-15T11:21:00,25.0,58.3,319,0.834,0.834,0.862,0.804
2025-10-15T11:22:00,24.8,61.0,332,0.833,0.829,0.86,0.804
2025-10-15T11:23:00,24.9,59.6,330,0.834,0.828,0.856,0.804
2025-10-15T11:24:00,25.1,61.0,340,0.836,0.827,0.855,0.807
2025-10-15T11:25:00,24.9,59.5,326,0.833,0.826,0.857,0.807
2025-10-15T11:26:00,25.0,58.6,328,0.837,0.824,0.857,0.806
2025-10-15T11:27:00,25.4,55.4,338,0.834,0.828,0.857,0.801
2025-10-15T11:28:00,24.9,56.7,329,0.836,0.83,0.858,0.798
2025-10-15T11:29:00,25.3,55.6,321,0.836,0.828,0.858,0.797
2025-10-15T11:30:00,25.1,59.3,350,0.835,0.827,0.859,0.797
2025-10-15T11:31:00,24.5,57.9,321,0.833,0.824,0.858,0.795
2025-10-15T11:32:00,24.6,61.6,329,0.833,0.825,0.858,0.796
2025-10-15T11:33:00,24.7,59.6,332,0.833,0.824,0.861,0.794
2025-10-15T11:34:00,24.7,59.2,331,0.831,0.82,0.861,0.792
2025-10-15T11:35:00,25.0,57.8,327,0.83,0.82,0.861,0.793
2025-10-15T11:36:00,25.2,59.6,327,0.828,0.82,0.861,0.795
2025-10-15T11:37:00,25.4,57.1,327,0.826,0.822,0.86,0.793
2025-10-15T11:38:00,25.1,57.4,320,0.824,0.822,0.859,0.793
2025-10-15T11:39:00,24.9,61.1,346,0.821,0.821,0.859,0.789
2025-10-15T11:40:00,24.4,60.8,326,0.82,0.824,0.858,0.786
2025-10-15T11:41:00,25.0,58.6,333,0.821,0.824,0.857,0.784
2025-10-15T11:42:00,25.0,60.0,325,0.821,0.825,0.855,0.786
2025-10-15T11:43:00,25.0,58.9,325,0.824,0.824,0.855,0.784
2025-10-15T11:44:00,25.6,58.3,324,0.82,0.825,0.856,0.782
2025-10-15T11:45:00,25.4,57.0,315,0.82,0.822,0.855,0.782
2025-10-15T11:46:00,25.2,61.6,326,0.82,0.82,0.851,0.782
2025-10-15T11:47:00,24.7,58.7,324,0.821,0.818,0.852,0.78
2025-10-15T11:48:00,24.8,61.7,337,0.822,0.816,0.852,0.784
2025-10-15T11:49:00,25.0,58.8,318,0.822,0.818,0.849,0.783
2025-10-15T11:50:00,24.8,60.7,323,0.822,0.817,0.851,0.783
2025-10-15T11:51:00,25.1,59.8,320,0.82,0.818,0.848,0.782
2025-10-15T11:52:00,25.1,60.5,338,0.821,0.821,0.849,0.782
2025-10-15T11:53:00,24.7,58.4,320,0.817,0.82,0.849,0.784
2025-10-15T11:54:00,25.4,59.9,331,0.818,0.822,0.844,0.787
2025-10-15T11:55:00,25.0,61.7,334,0.818,0.823,0.844,0.786
2025-10-15T11:56:00,24.5,59.7,325,0.816,0.823,0.843,0.788
2025-10-15T11:57:00,25.0,59.1,315,0.816,0.824,0.842,0.788
2025-10-15T11:58:00,25.1,58.0,315,0.815,0.827,0.84,0.79
2025-10-15T11:59:00,25.3,57.9,333,0.95,0.95,0.95,0.936
2025-10-15T12:00:00,24.9,61.8,316,0.95,0.95,0.95,0.95
2025-10-15T12:01:00,25.2,57.0,329,0.95,0.95,0.95,0.95
2025-10-15T12:02:00,25.1,57.5,327,0.948,0.945,0.947,0.949
2025-10-15T12:03:00,24.6,62.2,329,0.945,0.944,0.949,0.944
2025-10-15T12:04:00,24.6,60.8,329,0.945,0.945,0.946,0.941
2025-10-15T12:05:00,25.3,61.5,318,0.946,0.944,0.946,0.94
2025-10-15T12:06:00,25.4,57.6,318,0.942,0.944,0.944,0.937
2025-10-15T12:07:00,25.1,59.0,331,0.941,0.943,0.943,0.938
2025-10-15T12:08:00,25.4,57.1,320,0.941,0.945,0.94,0.936
2025-10-15T12:09:00,25.3,58.6,303,0.941,0.945,0.939,0.934
2025-10-15T12:10:00,25.2,55.9,330,0.944,0.946,0.939,0.933
2025-10-15T12:11:00,24.7,60.6,317,0.941,0.946,0.939,0.935
2025-10-15T12:12:00,25.5,58.5,329,0.945,0.947,0.937,0.934
2025-10-15T12:13:00,25.2,58.6,336,0.942,0.947,0.936,0.934
2025-10-15T12:14:00,24.9,58.7,325,0.937,0.945,0.938,0.934
2025-10-15T12:15:00,24.8,58.1,333,0.937,0.946,0.934,0.936
2025-10-15T12:16:00,25.1,60.0,326,0.934,0.947,0.934,0.937
2025-10-15T12:17:00,24.5,58.3,337,0.934,0.949,0.932,0.937
2025-10-15T12:18:00,25.2,59.4,316,0.934,0.949,0.929,0.933
2025-10-15T12:19:00,24.7,62.7,324,0.933,0.947,0.93,0.932
2025-10-15T12:20:00,25.1,61.0,330,0.931,0.945,0.928,0.932
2025-10-15T12:21:00,24.8,57.1,323,0.931,0.944,0.925,0.932
2025-10-15T12:22:00,24.9,58.4,333,0.931,0.944,0.928,0.931
2025-10-15T12:23:00,24.8,60.1,321,0.932,0.944,0.929,0.933
2025-10-15T12:24:00,24.9,59.0,340,0.932,0.941,0.925,0.932
2025-10-15T12:25:00,25.5,55.8,341,0.93,0.938,0.922,0.93
2025-10-15T12:26:00,25.4,58.8,326,0.926,0.934,0.923,0.929
2025-10-15T12:27:00,25.1,58.8,328,0.925,0.927,0.922,0.932
2025-10-15T12:28:00,25.0,61.9,333,0.922,0.927,0.925,0.934
2025-10-15T12:29:00,25.2,58.2,314,0.919,0.931,0.926,0.935
2025-10-15T12:30:00,25.3,60.1,313,0.92,0.934,0.926,0.933
2025-10-15T12:31:00,24.7,57.7,333,0.916,0.932,0.924,0.931
2025-10-15T12:32:00,24.9,57.6,325,0.919,0.932,0.924,0.93
2025-10-15T12:33:00,24.4,61.2,321,0.919,0.929,0.921,0.93
2025-10-15T12:34:00,25.3,60.0,323,0.918,0.926,0.924,0.929
2025-10-15T12:35:00,25.6,56.4,304,0.916,0.923,0.924,0.928
2025-10-15T12:36:00,25.0,59.1,321,0.917,0.923,0.922,0.927
2025-10-15T12:37:00,24.3,58.3,317,0.917,0.922,0.924,0.925
2025-10-15T12:38:00,25.1,58.4,330,0.915,0.922,0.928,0.924
2025-10-15T12:39:00,24.7,60.9,331,0.915,0.923,0.927,0.926
2025-10-15T12:40:00,24.8,58.8,327,0.912,0.922,0.928,0.923
2025-10-15T12:41:00,25.1,58.3,326,0.908,0.922,0.927,0.923
2025-10-15T12:42:00,25.0,57.3,311,0.906,0.92,0.927,0.926
2025-10-15T12:43:00,24.8,58.4,327,0.906,0.917,0.923,0.925
2025-10-15T12:44:00,24.7,62.1,327,0.906,0.913,0.923,0.924
2025-10-15T12:45:00,25.0,59.1,332,0.908,0.914,0.923,0.925
2025-10-15T12:46:00,24.8,57.9,339,0.905,0.913,0.926,0.923
2025-10-15T12:47:00,24.6,59.3,309,0.906,0.909,0.922,0.923
2025-10-15T12:48:00,24.8,56.9,319,0.906,0.909,0.921,0.92
2025-10-15T12:49:00,25.0,57.4,316,0.904,0.906,0.924,0.916
2025-10-15T12:50:00,24.9,61.3,323,0.904,0.909,0.923,0.915
2025-10-15T12:51:00,24.5,59.8,322,0.904,0.908,0.922,0.913
2025-10-15T12:52:00,25.2,61.4,320,0.902,0.909,0.92,0.912
2025-10-15T12:53:00,24.1,60.7,330,0.902,0.91,0.918,0.914
2025-10-15T12:54:00,24.8,59.4,313,0.901,0.908,0.914,0.918
2025-10-15T12:55:00,24.7,60.5,313,0.901,0.908,0.912,0.918
2025-10-15T12:56:00,25.0,55.1,314,0.899,0.909,0.91,0.919
2025-10-15T12:57:00,25.1,59.2,319,0.897,0.909,0.91,0.92
2025-10-15T12:58:00,25.2,58.4,312,0.896,0.909,0.908,0.919
2025-10-15T12:59:00,24.7,61.9,321,0.895,0.906,0.907,0.915
2025-10-15T13:00:00,25.1,60.3,320,0.892,0.907,0.906,0.918
2025-10-15T13:01:00,25.0,57.4,315,0.891,0.906,0.905,0.915
2025-10-15T13:02:00,24.4,62.1,328,0.893,0.906,0.904,0.918
2025-10-15T13:03:00,25.5,57.7,321,0.893,0.908,0.902,0.918
2025-10-15T13:04:00,24.5,58.7,330,0.891,0.909,0.901,0.916
2025-10-15T13:05:00,25.0,59.3,320,0.89,0.909,0.903,0.916
2025-10-15T13:06:00,25.0,58.7,321,0.891,0.91,0.903,0.92
2025-10-15T13:07:00,25.0,61.4,317,0.886,0.911,0.902,0.923
2025-10-15T13:08:00,24.7,60.1,321,0.887,0.914,0.901,0.922
2025-10-15T13:09:00,29.1,51.1,327,0.883,0.914,0.897,0.92
2025-10-15T13:10:00,28.4,53.6,318,0.88,0.914,0.896,0.92
2025-10-15T13:11:00,28.8,53.0,325,0.878,0.915,0.895,0.919
2025-10-15T13:12:00,28.7,52.8,314,0.883,0.914,0.893,0.922
2025-10-15T13:13:00,28.6,53.9,327,0.886,0.911,0.891,0.923
2025-10-15T13:14:00,29.0,52.0,316,0.887,0.912,0.89,0.919
2025-10-15T13:15:00,29.2,50.9,328,0.887,0.911,0.892,0.92
2025-10-15T13:16:00,28.7,53.4,321,0.883,0.908,0.894,0.919
2025-10-15T13:17:00,29.1,50.8,333,0.883,0.909,0.891,0.919
2025-10-15T13:18:00,28.8,51.4,312,0.882,0.911,0.89,0.919
2025-10-15T13:19:00,28.5,54.5,309,0.88,0.908,0.889,0.921
2025-10-15T13:20:00,28.7,54.0,316,0.88,0.91,0.89,0.923
2025-10-15T13:21:00,28.7,51.6,310,0.879,0.904,0.89,0.921
2025-10-15T13:22:00,28.6,51.1,310,0.88,0.903,0.89,0.92
2025-10-15T13:23:00,28.9,53.3,326,0.876,0.907,0.891,0.919
2025-10-15T13:24:00,24.9,60.5,321,0.876,0.906,0.889,0.916
2025-10-15T13:25:00,24.3,60.8,317,0.874,0.905,0.892,0.915
2025-10-15T13:26:00,24.3,59.9,317,0.872,0.907,0.891,0.918
2025-10-15T13:27:00,24.9,59.7,316,0.873,0.903,0.889,0.915
2025-10-15T13:28:00,24.5,59.9,334,0.87,0.903,0.889,0.914
2025-10-15T13:29:00,24.9,58.3,315,0.87,0.903,0.891,0.914
2025-10-15T13:30:00,25.0,59.2,310,0.87,0.906,0.89,0.914
2025-10-15T13:31:00,24.4,60.6,327,0.868,0.903,0.891,0.912
2025-10-15T13:32:00,24.3,59.8,319,0.867,0.902,0.89,0.909
2025-10-15T13:33:00,25.3,59.8,337,0.866,0.9,0.888,0.906
2025-10-15T13:34:00,24.9,61.2,316,0.864,0.898,0.889,0.908
2025-10-15T13:35:00,24.6,61.2,327,0.864,0.9,0.887,0.906
2025-10-15T13:36:00,24.5,59.7,329,0.863,0.899,0.888,0.905
2025-10-15T13:37:00,24.6,61.0,316,0.862,0.898,0.889,0.909
2025-10-15T13:38:00,24.4,60.4,314,0.864,0.897,0.887,0.907
2025-10-15T13:39:00,25.0,57.2,326,0.865,0.895,0.886,0.907
2025-10-15T13:40:00,24.5,61.0,325,0.864,0.894,0.885,0.909
2025-10-15T13:41:00,25.0,59.1,309,0.864,0.891,0.885,0.911
2025-10-15T13:42:00,24.6,63.7,311,0.862,0.89,0.889,0.908
2025-10-15T13:43:00,24.4,62.4,300,0.86,0.889,0.888,0.906
2025-10-15T13:44:00,24.6,60.9,325,0.859,0.888,0.888,0.906
2025-10-15T13:45:00,23.9,61.6,318,0.857,0.888,0.888,0.91
2025-10-15T13:46:00,24.6,59.9,319,0.857,0.888,0.888,0.908
2025-10-15T13:47:00,24.6,58.2,307,0.856,0.886,0.887,0.907
2025-10-15T13:48:00,24.9,56.6,311,0.855,0.886,0.885,0.907
2025-10-15T13:49:00,24.1,59.5,316,0.853,0.89,0.886,0.908
2025-10-15T13:50:00,25.0,58.9,315,0.859,0.894,0.885,0.909
2025-10-15T13:51:00,24.9,56.0,321,0.857,0.891,0.883,0.907
2025-10-15T13:52:00,25.0,58.1,325,0.853,0.889,0.884,0.906
2025-10-15T13:53:00,24.6,59.4,338,0.849,0.887,0.884,0.906
2025-10-15T13:54:00,24.9,58.8,320,0.851,0.889,0.883,0.908
2025-10-15T13:55:00,24.2,59.6,329,0.853,0.887,0.886,0.908
2025-10-15T13:56:00,24.8,58.8,313,0.851,0.888,0.882,0.907
2025-10-15T13:57:00,24.4,62.8,307,0.854,0.891,0.884,0.905
2025-10-15T13:58:00,24.1,61.8,317,0.855,0.891,0.882,0.908
2025-10-15T13:59:00,24.3,59.6,307,0.854,0.892,0.882,0.908
2025-10-15T14:00:00,24.6,59.7,320,0.853,0.893,0.881,0.91
2025-10-15T14:01:00,24.3,60.3,314,0.853,0.891,0.879,0.91
2025-10-15T14:02:00,24.7,58.5,304,0.855,0.893,0.881,0.91
2025-10-15T14:03:00,24.0,59.8,334,0.855,0.891,0.884,0.906
2025-10-15T14:04:00,23.9,62.6,316,0.854,0.894,0.884,0.902
2025-10-15T14:05:00,25.0,58.4,307,0.853,0.892,0.884,0.904
2025-10-15T14:06:00,24.8,57.7,327,0.857,0.891,0.884,0.904
2025-10-15T14:07:00,24.2,60.5,314,0.857,0.888,0.887,0.904
2025-10-15T14:08:00,24.5,60.1,329,0.858,0.886,0.882,0.901
2025-10-15T14:09:00,24.8,56.4,314,0.859,0.885,0.883,0.899
2025-10-15T14:10:00,24.7,59.6,316,0.859,0.88,0.881,0.901
2025-10-15T14:11:00,24.6,61.2,323,0.859,0.879,0.876,0.904
2025-10-15T14:12:00,24.8,60.0,325,0.861,0.878,0.875,0.903
2025-10-15T14:13:00,24.3,63.8,326,0.862,0.879,0.878,0.904
2025-10-15T14:14:00,24.5,61.9,319,0.862,0.88,0.877,0.904
2025-10-15T14:15:00,24.5,62.2,324,0.86,0.878,0.878,0.903
2025-10-15T14:16:00,24.4,64.4,326,0.861,0.877,0.88,0.907
2025-10-15T14:17:00,24.4,61.4,322,0.86,0.876,0.88,0.905
2025-10-15T14:18:00,24.5,60.3,319,0.86,0.879,0.88,0.908
2025-10-15T14:19:00,24.5,61.5,309,0.865,0.877,0.876,0.908
2025-10-15T14:20:00,24.1,59.9,325,0.861,0.875,0.874,0.908
2025-10-15T14:21:00,24.7,59.8,321,0.863,0.872,0.876,0.91
2025-10-15T14:22:00,24.1,59.7,317,0.861,0.869,0.876,0.91
2025-10-15T14:23:00,24.4,60.9,330,0.861,0.869,0.876,0.91
2025-10-15T14:24:00,24.3,59.3,309,0.866,0.87,0.876,0.912
2025-10-15T14:25:00,24.5,58.9,333,0.863,0.872,0.88,0.915
2025-10-15T14:26:00,23.8,62.1,320,0.862,0.874,0.879,0.917
2025-10-15T14:27:00,24.7,59.5,323,0.861,0.878,0.882,0.909
2025-10-15T14:28:00,24.2,57.7,317,0.859,0.878,0.882,0.909
2025-10-15T14:29:00,24.8,57.3,307,0.861,0.877,0.885,0.909
2025-10-15T14:30:00,24.2,58.8,319,0.859,0.874,0.882,0.909
2025-10-15T14:31:00,24.4,59.0,323,0.86,0.875,0.882,0.91
2025-10-15T14:32:00,24.9,59.7,326,0.857,0.875,0.881,0.91
2025-10-15T14:33:00,24.3,60.8,319,0.854,0.876,0.881,0.911
2025-10-15T14:34:00,24.7,61.2,303,0.853,0.873,0.883,0.91
2025-10-15T14:35:00,24.4,61.4,308,0.849,0.874,0.884,0.913
2025-10-15T14:36:00,24.5,61.7,337,0.852,0.874,0.886,0.914
2025-10-15T14:37:00,24.3,61.2,312,0.849,0.874,0.884,0.915
2025-10-15T14:38:00,24.6,60.2,332,0.846,0.872,0.882,0.916
2025-10-15T14:39:00,24.1,62.4,313,0.847,0.874,0.882,0.918
2025-10-15T14:40:00,24.0,62.4,319,0.845,0.878,0.882,0.919
2025-10-15T14:41:00,24.1,61.4,326,0.842,0.876,0.881,0.919
2025-10-15T14:42:00,24.3,62.3,314,0.846,0.877,0.879,0.921
2025-10-15T14:43:00,24.2,57.1,334,0.844,0.871,0.881,0.921
2025-10-15T14:44:00,24.5,59.6,321,0.843,0.872,0.88,0.924
2025-10-15T14:45:00,24.6,59.2,325,0.842,0.868,0.882,0.926
2025-10-15T14:46:00,24.0,62.8,319,0.843,0.866,0.882,0.925
2025-10-15T14:47:00,24.0,63.3,326,0.844,0.863,0.883,0.929
2025-10-15T14:48:00,23.8,59.2,334,0.842,0.863,0.884,0.924
2025-10-15T14:49:00,24.8,61.5,320,0.841,0.864,0.882,0.925
2025-10-15T14:50:00,24.3,58.6,335,0.84,0.86,0.882,0.924
2025-10-15T14:51:00,24.3,58.6,316,0.841,0.859,0.886,0.927
2025-10-15T14:52:00,23.8,61.1,327,0.839,0.858,0.886,0.927
2025-10-15T14:53:00,24.2,60.2,325,0.843,0.86,0.888,0.925
2025-10-15T14:54:00,24.3,58.0,313,0.841,0.861,0.889,0.925
2025-10-15T14:55:00,24.1,61.8,323,0.84,0.858,0.889,0.923
2025-10-15T14:56:00,24.5,61.1,321,0.838,0.857,0.889,0.922
2025-10-15T14:57:00,24.8,60.9,315,0.835,0.86,0.89,0.921
2025-10-15T14:58:00,23.9,60.6,324,0.833,0.861,0.891,0.919
2025-10-15T14:59:00,23.8,61.3,323,0.831,0.859,0.888,0.919
2025-10-15T15:00:00,23.9,61.2,321,0.829,0.858,0.888,0.92
2025-10-15T15:01:00,24.6,62.3,321,0.827,0.857,0.888,0.918
2025-10-15T15:02:00,24.4,55.9,321,0.828,0.856,0.887,0.914
2025-10-15T15:03:00,24.1,59.5,319,0.826,0.852,0.889,0.914
2025-10-15T15:04:00,24.1,60.8,323,0.824,0.851,0.887,0.915
2025-10-15T15:05:00,23.8,59.7,317,0.823,0.853,0.884,0.916
2025-10-15T15:06:00,24.3,59.9,343,0.825,0.852,0.885,0.917
2025-10-15T15:07:00,23.9,60.9,311,0.825,0.852,0.882,0.92
2025-10-15T15:08:00,24.0,60.1,317,0.825,0.851,0.878,0.922
2025-10-15T15:09:00,24.2,60.7,318,0.821,0.856,0.88,0.927
2025-10-15T15:10:00,24.0,62.0,338,0.819,0.855,0.88,0.933
2025-10-15T15:11:00,23.9,60.8,312,0.816,0.857,0.88,0.929
2025-10-15T15:12:00,24.0,60.3,326,0.818,0.856,0.879,0.924
2025-10-15T15:13:00,24.2,60.3,324,0.819,0.855,0.876,0.924
2025-10-15T15:14:00,24.5,60.0,325,0.817,0.855,0.873,0.924
2025-10-15T15:15:00,24.2,58.1,332,0.816,0.853,0.872,0.924
2025-10-15T15:16:00,24.2,61.3,332,0.814,0.852,0.87,0.925
2025-10-15T15:17:00,23.9,60.5,319,0.812,0.854,0.87,0.924
2025-10-15T15:18:00,23.7,63.4,324,0.812,0.852,0.869,0.923
2025-10-15T15:19:00,24.1,61.6,308,0.811,0.851,0.869,0.921
2025-10-15T15:20:00,24.0,62.8,324,0.815,0.852,0.869,0.921
2025-10-15T15:21:00,23.5,60.5,316,0.817,0.851,0.869,0.922
2025-10-15T15:22:00,23.8,60.8,321,0.82,0.852,0.87,0.921
2025-10-15T15:23:00,23.9,59.4,309,0.821,0.852,0.869,0.92
2025-10-15T15:24:00,23.7,60.5,326,0.82,0.852,0.869,0.921
2025-10-15T15:25:00,24.3,62.2,310,0.82,0.847,0.869,0.92
2025-10-15T15:26:00,24.0,63.2,324,0.819,0.846,0.864,0.922
2025-10-15T15:27:00,24.3,58.7,313,0.822,0.847,0.865,0.92
2025-10-15T15:28:00,23.9,60.5,316,0.823,0.85,0.865,0.917
2025-10-15T15:29:00,23.9,61.2,333,0.823,0.851,0.866,0.917
2025-10-15T15:30:00,23.5,62.8,328,0.823,0.853,0.863,0.918
2025-10-15T15:31:00,23.8,58.7,333,0.826,0.85,0.862,0.916
2025-10-15T15:32:00,23.8,59.0,336,0.823,0.849,0.86,0.918
2025-10-15T15:33:00,23.4,63.0,317,0.827,0.852,0.861,0.922
2025-10-15T15:34:00,23.6,58.8,336,0.826,0.849,0.858,0.92
2025-10-15T15:35:00,23.7,61.0,312,0.823,0.851,0.856,0.923
2025-10-15T15:36:00,23.9,61.5,330,0.821,0.852,0.856,0.918
2025-10-15T15:37:00,23.9,61.8,320,0.817,0.853,0.855,0.92
2025-10-15T15:38:00,23.6,61.7,317,0.818,0.852,0.853,0.918
2025-10-15T15:39:00,23.9,60.7,329,0.816,0.849,0.854,0.919
2025-10-15T15:40:00,23.7,62.9,332,0.816,0.853,0.856,0.917
2025-10-15T15:41:00,22.8,63.7,332,0.818,0.854,0.857,0.917
2025-10-15T15:42:00,23.6,60.9,326,0.816,0.854,0.858,0.915
2025-10-15T15:43:00,24.0,61.0,326,0.815,0.853,0.857,0.914
2025-10-15T15:44:00,23.2,63.2,329,0.813,0.853,0.857,0.917
2025-10-15T15:45:00,23.7,64.2,327,0.812,0.853,0.855,0.917
2025-10-15T15:46:00,24.1,61.9,329,0.816,0.853,0.855,0.921
2025-10-15T15:47:00,23.4,64.0,326,0.818,0.854,0.854,0.92
2025-10-15T15:48:00,23.6,60.8,332,0.817,0.852,0.853,0.922
2025-10-15T15:49:00,23.2,61.8,312,0.815,0.849,0.854,0.919
2025-10-15T15:50:00,24.1,60.4,324,0.815,0.849,0.856,0.918
2025-10-15T15:51:00,23.6,61.6,314,0.815,0.845,0.856,0.917
2025-10-15T15:52:00,23.6,60.3,328,0.814,0.844,0.859,0.919
2025-10-15T15:53:00,24.0,62.9,339,0.814,0.843,0.858,0.92
2025-10-15T15:54:00,23.8,62.8,322,0.812,0.844,0.854,0.915
2025-10-15T15:55:00,23.3,62.0,327,0.81,0.847,0.855,0.912
2025-10-15T15:56:00,23.4,63.3,332,0.81,0.843,0.853,0.91
2025-10-15T15:57:00,23.7,62.0,309,0.808,0.847,0.852,0.911
2025-10-15T15:58:00,23.3,63.4,322,0.809,0.847,0.848,0.913
2025-10-15T15:59:00,22.9,61.2,329,0.809,0.847,0.846,0.912
2025-10-15T16:00:00,27.5,53.8,303,0.805,0.844,0.843,0.91
2025-10-15T16:01:00,27.0,54.8,318,0.805,0.846,0.842,0.912
2025-10-15T16:02:00,28.0,54.0,335,0.801,0.845,0.841,0.909
2025-10-15T16:03:00,27.5,53.0,334,0.802,0.845,0.841,0.91
2025-10-15T16:04:00,27.2,50.9,329,0.801,0.841,0.843,0.91
2025-10-15T16:05:00,27.2,52.9,334,0.805,0.841,0.844,0.909
2025-10-15T16:06:00,26.9,55.2,328,0.806,0.842,0.84,0.91
2025-10-15T16:07:00,27.1,54.9,331,0.804,0.841,0.841,0.91
2025-10-15T16:08:00,27.7,56.1,324,0.8,0.843,0.841,0.91
2025-10-15T16:09:00,28.1,53.8,328,0.798,0.845,0.841,0.907
2025-10-15T16:10:00,27.6,53.9,322,0.795,0.844,0.84,0.908
2025-10-15T16:11:00,27.3,54.3,337,0.799,0.847,0.84,0.91
2025-10-15T16:12:00,27.2,56.2,340,0.798,0.846,0.839,0.91
2025-10-15T16:13:00,27.1,54.0,338,0.8,0.846,0.838,0.911
2025-10-15T16:14:00,27.9,52.9,324,0.799,0.846,0.84,0.911
2025-10-15T16:15:00,23.3,60.8,320,0.798,0.846,0.838,0.912
2025-10-15T16:16:00,23.9,63.2,338,0.798,0.84,0.836,0.912
2025-10-15T16:17:00,23.7,62.1,332,0.8,0.84,0.836,0.909
2025-10-15T16:18:00,22.8,62.4,331,0.8,0.837,0.833,0.911
2025-10-15T16:19:00,23.1,62.7,323,0.798,0.84,0.829,0.907
2025-10-15T16:20:00,23.1,63.6,332,0.801,0.842,0.828,0.907
2025-10-15T16:21:00,23.2,62.2,320,0.8,0.844,0.831,0.906
2025-10-15T16:22:00,23.2,61.7,334,0.799,0.843,0.83,0.905
2025-10-15T16:23:00,24.1,59.8,340,0.793,0.841,0.831,0.905
2025-10-15T16:24:00,22.9,63.7,342,0.794,0.839,0.826,0.904
2025-10-15T16:25:00,23.3,61.9,335,0.793,0.843,0.827,0.904
2025-10-15T16:26:00,23.4,61.6,318,0.793,0.841,0.826,0.904
2025-10-15T16:27:00,23.2,60.6,331,0.792,0.836,0.825,0.903
2025-10-15T16:28:00,23.2,62.7,346,0.791,0.838,0.825,0.905
2025-10-15T16:29:00,22.8,63.0,322,0.79,0.84,0.825,0.905
2025-10-15T16:30:00,23.2,62.2,329,0.79,0.843,0.822,0.906
2025-10-15T16:31:00,23.3,62.7,341,0.791,0.845,0.823,0.908
2025-10-15T16:32:00,23.2,63.7,335,0.791,0.847,0.825,0.911
2025-10-15T16:33:00,23.3,63.5,350,0.792,0.847,0.824,0.912
2025-10-15T16:34:00,23.5,62.8,324,0.792,0.843,0.822,0.911
2025-10-15T16:35:00,23.4,61.9,322,0.79,0.842,0.822,0.908
2025-10-15T16:36:00,23.1,62.0,340,0.791,0.843,0.823,0.908
2025-10-15T16:37:00,22.7,62.0,321,0.788,0.843,0.82,0.91
2025-10-15T16:38:00,22.9,62.4,329,0.788,0.842,0.821,0.91
2025-10-15T16:39:00,23.0,63.1,330,0.784,0.84,0.819,0.903
2025-10-15T16:40:00,23.1,61.6,339,0.782,0.838,0.82,0.904
2025-10-15T16:41:00,22.9,63.4,336,0.778,0.841,0.818,0.906
2025-10-15T16:42:00,22.7,62.1,335,0.777,0.844,0.817,0.905
2025-10-15T16:43:00,22.6,61.2,328,0.78,0.844,0.819,0.907
2025-10-15T16:44:00,22.5,65.3,341,0.779,0.844,0.816,0.908
2025-10-15T16:45:00,22.9,62.5,364,0.78,0.842,0.817,0.906
2025-10-15T16:46:00,22.5,62.7,337,0.785,0.843,0.82,0.908
2025-10-15T16:47:00,22.6,62.1,332,0.785,0.846,0.821,0.905
2025-10-15T16:48:00,22.8,64.0,321,0.783,0.843,0.818,0.905
2025-10-15T16:49:00,22.5,66.0,327,0.782,0.844,0.815,0.904
2025-10-15T16:50:00,23.0,62.4,330,0.782,0.844,0.814,0.903
2025-10-15T16:51:00,23.1,62.5,328,0.78,0.845,0.814,0.903
2025-10-15T16:52:00,22.7,65.2,332,0.779,0.848,0.814,0.905
2025-10-15T16:53:00,22.7,60.8,347,0.78,0.852,0.811,0.907
2025-10-15T16:54:00,23.0,65.9,343,0.782,0.851,0.809,0.908
2025-10-15T16:55:00,22.6,67.4,331,0.778,0.852,0.807,0.905
2025-10-15T16:56:00,22.6,59.8,323,0.776,0.852,0.806,0.902
2025-10-15T16:57:00,23.2,62.5,344,0.775,0.851,0.81,0.902
2025-10-15T16:58:00,23.1,61.8,333,0.776,0.851,0.808,0.901
2025-10-15T16:59:00,23.0,62.7,320,0.913,0.95,0.949,0.95
2025-10-15T17:00:00,23.1,62.3,339,0.95,0.95,0.95,0.95
2025-10-15T17:01:00,22.2,65.9,342,0.95,0.95,0.95,0.95
2025-10-15T17:02:00,23.2,62.5,314,0.949,0.95,0.948,0.95
2025-10-15T17:03:00,22.9,61.9,327,0.948,0.95,0.948,0.95
2025-10-15T17:04:00,23.0,62.7,333,0.943,0.95,0.95,0.95
2025-10-15T17:05:00,22.8,64.1,340,0.943,0.948,0.95,0.948
2025-10-15T17:06:00,22.7,61.8,330,0.942,0.947,0.95,0.946
2025-10-15T17:07:00,22.6,61.3,328,0.944,0.949,0.948,0.944
2025-10-15T17:08:00,22.8,66.4,340,0.944,0.949,0.945,0.947
2025-10-15T17:09:00,22.6,62.9,331,0.941,0.948,0.946,0.948
2025-10-15T17:10:00,22.9,63.0,339,0.94,0.948,0.947,0.947
2025-10-15T17:11:00,22.2,64.1,326,0.936,0.95,0.946,0.945
2025-10-15T17:12:00,22.5,64.9,324,0.933,0.95,0.948,0.947
2025-10-15T17:13:00,23.2,65.2,341,0.934,0.95,0.948,0.948
2025-10-15T17:14:00,22.4,65.0,338,0.933,0.95,0.949,0.95
2025-10-15T17:15:00,22.5,61.7,343,0.935,0.948,0.949,0.95
2025-10-15T17:16:00,22.3,62.3,332,0.931,0.95,0.949,0.95
2025-10-15T17:17:00,22.7,63.1,330,0.93,0.95,0.946,0.95
2025-10-15T17:18:00,22.3,63.9,347,0.929,0.949,0.946,0.948
2025-10-15T17:19:00,22.5,61.5,324,0.93,0.95,0.947,0.948
2025-10-15T17:20:00,22.8,64.7,347,0.931,0.949,0.946,0.945
2025-10-15T17:21:00,22.3,62.8,347,0.932,0.95,0.946,0.946
2025-10-15T17:22:00,22.7,65.8,344,0.935,0.95,0.944,0.947
2025-10-15T17:23:00,22.7,66.3,332,0.934,0.948,0.945,0.949
2025-10-15T17:24:00,22.8,63.1,331,0.936,0.949,0.946,0.95
2025-10-15T17:25:00,22.5,64.7,336,0.934,0.95,0.943,0.949
2025-10-15T17:26:00,23.4,60.3,327,0.932,0.95,0.942,0.95
2025-10-15T17:27:00,22.7,64.4,330,0.933,0.948,0.944,0.95
2025-10-15T17:28:00,22.5,63.2,343,0.929,0.95,0.941,0.95
2025-10-15T17:29:00,22.1,63.1,343,0.93,0.95,0.938,0.95
2025-10-15T17:30:00,22.4,63.8,330,0.93,0.947,0.938,0.949
2025-10-15T17:31:00,22.8,62.7,344,0.932,0.946,0.942,0.95
2025-10-15T17:32:00,22.9,62.8,342,0.932,0.946,0.94,0.95
2025-10-15T17:33:00,22.8,64.8,351,0.931,0.944,0.941,0.947
2025-10-15T17:34:00,22.6,62.7,343,0.932,0.944,0.941,0.945
2025-10-15T17:35:00,21.9,67.7,347,0.93,0.946,0.94,0.942
2025-10-15T17:36:00,22.5,62.1,343,0.929,0.946,0.94,0.941
2025-10-15T17:37:00,21.9,67.6,347,0.929,0.944,0.939,0.94
2025-10-15T17:38:00,21.8,63.8,329,0.929,0.944,0.938,0.937
2025-10-15T17:39:00,22.3,64.3,339,0.928,0.944,0.934,0.937
2025-10-15T17:40:00,22.4,63.4,340,0.927,0.944,0.934,0.937
2025-10-15T17:41:00,22.5,63.4,338,0.93,0.946,0.935,0.939
2025-10-15T17:42:00,22.4,65.4,344,0.929,0.946,0.935,0.943
2025-10-15T17:43:00,22.4,66.5,345,0.928,0.943,0.937,0.943
2025-10-15T17:44:00,21.9,67.0,344,0.924,0.941,0.938,0.942
2025-10-15T17:45:00,22.2,64.1,339,0.924,0.941,0.937,0.943
2025-10-15T17:46:00,21.7,65.8,335,0.925,0.943,0.936,0.942
2025-10-15T17:47:00,21.6,64.7,350,0.926,0.946,0.934,0.941
2025-10-15T17:48:00,22.4,62.8,344,0.926,0.949,0.931,0.939
2025-10-15T17:49:00,21.9,63.4,333,0.928,0.949,0.93,0.938
2025-10-15T17:50:00,22.4,63.6,340,0.929,0.95,0.93,0.938
2025-10-15T17:51:00,22.5,64.5,328,0.931,0.947,0.933,0.939
2025-10-15T17:52:00,21.9,62.3,342,0.933,0.947,0.934,0.94
2025-10-15T17:53:00,22.3,64.4,341,0.935,0.945,0.932,0.943
2025-10-15T17:54:00,21.9,67.5,338,0.935,0.944,0.929,0.944
2025-10-15T17:55:00,21.5,67.7,355,0.932,0.95,0.928,0.945
2025-10-15T17:56:00,22.1,63.9,333,0.933,0.95,0.93,0.944
2025-10-15T17:57:00,21.9,63.1,349,0.934,0.948,0.929,0.941
2025-10-15T17:58:00,21.9,65.9,361,0.937,0.948,0.93,0.94
2025-10-15T17:59:00,22.6,60.3,352,0.939,0.947,0.929,0.938
2025-10-15T18:00:00,21.5,67.6,343,0.943,0.945,0.93,0.933
2025-10-15T18:01:00,22.1,64.5,335,0.944,0.949,0.927,0.93
2025-10-15T18:02:00,21.7,68.4,333,0.944,0.95,0.93,0.933
2025-10-15T18:03:00,22.2,61.9,341,0.941,0.95,0.927,0.934
2025-10-15T18:04:00,22.0,66.3,339,0.941,0.949,0.928,0.933
2025-10-15T18:05:00,22.0,64.8,339,0.94,0.948,0.927,0.933
2025-10-15T18:06:00,21.6,65.2,342,0.94,0.95,0.927,0.929
2025-10-15T18:07:00,21.7,63.6,344,0.94,0.95,0.926,0.929
2025-10-15T18:08:00,22.2,65.5,349,0.94,0.944,0.926,0.931
2025-10-15T18:09:00,22.4,65.2,335,0.94,0.948,0.927,0.931
2025-10-15T18:10:00,22.0,67.7,340,0.941,0.948,0.929,0.927
2025-10-15T18:11:00,21.6,67.3,344,0.936,0.949,0.931,0.926
2025-10-15T18:12:00,21.9,64.2,344,0.936,0.95,0.932,0.928
2025-10-15T18:13:00,22.6,62.4,361,0.938,0.95,0.935,0.928
2025-10-15T18:14:00,21.8,63.3,348,0.941,0.95,0.935,0.925
2025-10-15T18:15:00,22.2,66.7,333,0.942,0.949,0.937,0.93
2025-10-15T18:16:00,21.6,64.7,350,0.945,0.946,0.937,0.927
2025-10-15T18:17:00,21.8,67.7,351,0.945,0.946,0.936,0.926
2025-10-15T18:18:00,22.0,65.9,346,0.945,0.949,0.936,0.924
2025-10-15T18:19:00,21.9,65.8,337,0.946,0.947,0.936,0.921
2025-10-15T18:20:00,21.5,65.5,361,0.946,0.946,0.936,0.92
2025-10-15T18:21:00,21.5,67.0,339,0.944,0.948,0.937,0.921
2025-10-15T18:22:00,22.0,65.0,353,0.942,0.946,0.938,0.923
2025-10-15T18:23:00,22.1,64.3,349,0.94,0.945,0.938,0.922
2025-10-15T18:24:00,22.1,65.8,353,0.941,0.944,0.932,0.92
2025-10-15T18:25:00,22.2,64.4,362,0.94,0.944,0.935,0.921
2025-10-15T18:26:00,21.7,64.4,353,0.939,0.94,0.934,0.921
2025-10-15T18:27:00,21.6,66.8,344,0.938,0.939,0.932,0.922
2025-10-15T18:28:00,22.0,64.8,358,0.939,0.939,0.929,0.922
2025-10-15T18:29:00,21.8,66.1,344,0.94,0.939,0.928,0.921
2025-10-15T18:30:00,21.3,65.7,351,0.937,0.941,0.927,0.921
2025-10-15T18:31:00,21.3,64.6,339,0.934,0.945,0.925,0.921
2025-10-15T18:32:00,21.7,68.1,341,0.936,0.947,0.923,0.922
2025-10-15T18:33:00,21.5,68.3,350,0.933,0.949,0.924,0.927
2025-10-15T18:34:00,21.5,67.2,353,0.934,0.948,0.928,0.927
2025-10-15T18:35:00,21.9,64.7,337,0.937,0.947,0.929,0.926
2025-10-15T18:36:00,21.8,65.0,354,0.94,0.947,0.931,0.926
2025-10-15T18:37:00,21.9,67.2,344,0.941,0.947,0.93,0.925
2025-10-15T18:38:00,20.9,66.6,361,0.942,0.949,0.93,0.926
2025-10-15T18:39:00,21.6,64.9,348,0.946,0.95,0.931,0.927
2025-10-15T18:40:00,21.7,68.4,342,0.941,0.949,0.929,0.926
2025-10-15T18:41:00,21.0,66.9,352,0.94,0.95,0.928,0.927
2025-10-15T18:42:00,21.3,69.1,344,0.941,0.95,0.929,0.927
2025-10-15T18:43:00,21.2,64.5,362,0.94,0.95,0.931,0.925
2025-10-15T18:44:00,21.4,66.9,352,0.943,0.95,0.931,0.925
2025-10-15T18:45:00,21.9,68.3,351,0.942,0.948,0.928,0.925
2025-10-15T18:46:00,22.0,65.0,357,0.942,0.946,0.927,0.927
2025-10-15T18:47:00,21.1,66.3,345,0.941,0.944,0.924,0.928
2025-10-15T18:48:00,21.5,64.2,343,0.94,0.944,0.924,0.928
2025-10-15T18:49:00,21.5,67.6,356,0.939,0.945,0.924,0.926
2025-10-15T18:50:00,21.5,64.9,345,0.939,0.942,0.923,0.926
2025-10-15T18:51:00,21.5,65.9,345,0.937,0.941,0.924,0.926
2025-10-15T18:52:00,21.4,64.3,361,0.939,0.941,0.924,0.927
2025-10-15T18:53:00,21.8,67.7,358,0.94,0.939,0.924,0.927
2025-10-15T18:54:00,21.6,67.5,344,0.942,0.939,0.922,0.927
2025-10-15T18:55:00,21.0,67.0,350,0.939,0.938,0.921,0.929
2025-10-15T18:56:00,21.5,64.2,347,0.935,0.937,0.921,0.927
2025-10-15T18:57:00,21.5,68.2,369,0.935,0.936,0.924,0.932
2025-10-15T18:58:00,21.3,65.8,362,0.94,0.937,0.923,0.933
2025-10-15T18:59:00,21.6,64.2,352,0.943,0.935,0.924,0.93
2025-10-15T19:00:00,21.3,63.8,360,0.941,0.934,0.926,0.93
2025-10-15T19:01:00,21.3,65.5,345,0.942,0.935,0.925,0.932
2025-10-15T19:02:00,21.2,64.3,351,0.943,0.933,0.927,0.931
2025-10-15T19:03:00,20.6,66.9,357,0.94,0.929,0.929,0.927
2025-10-15T19:04:00,21.1,67.8,360,0.942,0.926,0.931,0.925
2025-10-15T19:05:00,21.0,66.5,356,0.942,0.925,0.932,0.926
2025-10-15T19:06:00,20.8,67.9,359,0.941,0.922,0.937,0.922
2025-10-15T19:07:00,21.6,64.8,358,0.941,0.921,0.935,0.919
2025-10-15T19:08:00,21.3,66.5,356,0.943,0.924,0.939,0.92
2025-10-15T19:09:00,21.1,69.7,355,0.941,0.921,0.94,0.919
2025-10-15T19:10:00,20.9,66.6,354,0.937,0.92,0.943,0.917
2025-10-15T19:11:00,21.2,67.2,360,0.938,0.924,0.942,0.916
2025-10-15T19:12:00,21.4,63.9,361,0.933,0.924,0.943,0.913
2025-10-15T19:13:00,20.8,69.7,360,0.933,0.923,0.946,0.913
2025-10-15T19:14:00,21.0,66.2,349,0.935,0.923,0.943,0.911
2025-10-15T19:15:00,21.3,68.0,351,0.935,0.923,0.942,0.91
2025-10-15T19:16:00,20.4,67.9,362,0.937,0.926,0.938,0.91
2025-10-15T19:17:00,21.0,67.9,371,0.938,0.925,0.937,0.91
2025-10-15T19:18:00,20.9,68.3,361,0.943,0.923,0.935,0.908
2025-10-15T19:19:00,20.9,66.4,356,0.941,0.92,0.935,0.904
2025-10-15T19:20:00,20.8,69.0,362,0.942,0.92,0.94,0.904
2025-10-15T19:21:00,21.0,65.9,351,0.941,0.917,0.943,0.904
2025-10-15T19:22:00,21.5,67.1,371,0.942,0.916,0.94,0.903
2025-10-15T19:23:00,20.8,66.7,362,0.942,0.914,0.941,0.9
2025-10-15T19:24:00,21.0,67.5,356,0.945,0.915,0.942,0.9
2025-10-15T19:25:00,21.5,65.3,360,0.944,0.914,0.941,0.901
2025-10-15T19:26:00,20.7,67.6,357,0.946,0.915,0.941,0.9
2025-10-15T19:27:00,21.4,64.5,372,0.947,0.911,0.941,0.903
2025-10-15T19:28:00,20.9,67.6,360,0.947,0.911,0.938,0.905
2025-10-15T19:29:00,21.4,66.3,363,0.947,0.908,0.936,0.904
2025-10-15T19:30:00,21.1,66.0,367,0.948,0.907,0.936,0.905
2025-10-15T19:31:00,20.9,67.1,357,0.948,0.911,0.936,0.905
2025-10-15T19:32:00,20.8,67.6,364,0.947,0.913,0.934,0.905
2025-10-15T19:33:00,20.6,66.8,365,0.946,0.912,0.932,0.907
2025-10-15T19:34:00,20.8,67.2,351,0.945,0.918,0.932,0.905
2025-10-15T19:35:00,21.1,65.4,365,0.941,0.916,0.933,0.905
2025-10-15T19:36:00,20.8,71.0,363,0.942,0.918,0.933,0.907
2025-10-15T19:37:00,20.7,69.2,365,0.94,0.915,0.936,0.907
2025-10-15T19:38:00,20.7,68.0,364,0.939,0.914,0.934,0.906
2025-10-15T19:39:00,21.0,68.7,366,0.94,0.911,0.934,0.902
2025-10-15T19:40:00,21.1,63.8,375,0.941,0.911,0.933,0.898
2025-10-15T19:41:00,20.5,64.1,355,0.937,0.911,0.934,0.901
2025-10-15T19:42:00,20.5,67.4,362,0.937,0.91,0.932,0.902
2025-10-15T19:43:00,20.8,65.3,371,0.937,0.912,0.936,0.9
2025-10-15T19:44:00,21.1,66.4,369,0.937,0.911,0.932,0.901
2025-10-15T19:45:00,21.0,67.3,369,0.94,0.911,0.935,0.898
2025-10-15T19:46:00,20.3,69.8,388,0.938,0.912,0.935,0.897
2025-10-15T19:47:00,20.6,66.2,371,0.933,0.909,0.936,0.895
2025-10-15T19:48:00,20.4,68.9,376,0.935,0.907,0.938,0.892
2025-10-15T19:49:00,20.5,67.9,364,0.933,0.907,0.94,0.888
2025-10-15T19:50:00,21.1,67.3,359,0.929,0.908,0.938,0.884
2025-10-15T19:51:00,20.2,67.9,365,0.929,0.911,0.939,0.886
2025-10-15T19:52:00,20.1,70.9,373,0.931,0.91,0.942,0.884
2025-10-15T19:53:00,20.3,68.2,371,0.928,0.909,0.94,0.884
2025-10-15T19:54:00,20.7,70.4,371,0.933,0.907,0.944,0.886
2025-10-15T19:55:00,20.7,66.3,366,0.931,0.907,0.945,0.886
2025-10-15T19:56:00,20.7,68.8,365,0.93,0.906,0.944,0.885
2025-10-15T19:57:00,20.9,67.1,367,0.928,0.906,0.941,0.885
2025-10-15T19:58:00,20.0,68.5,375,0.927,0.905,0.941,0.884
2025-10-15T19:59:00,20.9,68.2,376,0.927,0.906,0.937,0.886
2025-10-15T20:00:00,20.4,67.7,361,0.924,0.904,0.935,0.889
2025-10-15T20:01:00,20.7,63.6,376,0.929,0.903,0.935,0.892
2025-10-15T20:02:00,20.1,64.2,365,0.928,0.903,0.932,0.887
2025-10-15T20:03:00,20.5,70.0,374,0.926,0.897,0.933,0.886
2025-10-15T20:04:00,20.5,69.8,369,0.928,0.895,0.933,0.886
2025-10-15T20:05:00,20.8,70.3,383,0.931,0.893,0.931,0.886
2025-10-15T20:06:00,20.0,69.1,367,0.933,0.895,0.93,0.883
2025-10-15T20:07:00,20.4,66.2,373,0.931,0.894,0.93,0.879
2025-10-15T20:08:00,20.1,68.2,376,0.931,0.892,0.93,0.881
2025-10-15T20:09:00,20.6,67.9,365,0.927,0.892,0.929,0.88
2025-10-15T20:10:00,20.6,66.2,371,0.928,0.89,0.929,0.876
2025-10-15T20:11:00,20.8,69.9,370,0.925,0.889,0.928,0.874
2025-10-15T20:12:00,20.2,71.9,368,0.923,0.889,0.926,0.874
2025-10-15T20:13:00,20.6,68.5,369,0.922,0.888,0.925,0.872
2025-10-15T20:14:00,20.8,67.5,382,0.923,0.887,0.926,0.873
2025-10-15T20:15:00,19.8,67.4,368,0.922,0.885,0.926,0.87
2025-10-15T20:16:00,20.5,70.3,378,0.925,0.882,0.926,0.867
2025-10-15T20:17:00,20.6,67.9,376,0.926,0.882,0.927,0.869
2025-10-15T20:18:00,20.2,68.1,363,0.927,0.882,0.924,0.87
2025-10-15T20:19:00,19.9,69.9,378,0.924,0.879,0.922,0.869
2025-10-15T20:20:00,20.6,67.0,363,0.927,0.88,0.921,0.867
2025-10-15T20:21:00,19.9,69.4,380,0.925,0.881,0.924,0.87
2025-10-15T20:22:00,20.2,66.4,371,0.929,0.883,0.924,0.871
2025-10-15T20:23:00,20.2,70.2,375,0.932,0.883,0.923,0.873
2025-10-15T20:24:00,20.5,67.9,365,0.933,0.884,0.926,0.871
2025-10-15T20:25:00,20.0,70.7,377,0.935,0.888,0.925,0.871
2025-10-15T20:26:00,20.0,68.7,383,0.928,0.887,0.929,0.872
2025-10-15T20:27:00,20.2,68.3,370,0.928,0.885,0.928,0.87
2025-10-15T20:28:00,20.5,66.2,371,0.93,0.882,0.926,0.87
2025-10-15T20:29:00,20.9,68.4,380,0.931,0.885,0.925,0.868
2025-10-15T20:30:00,19.7,68.2,381,0.928,0.888,0.924,0.869
2025-10-15T20:31:00,20.3,67.8,358,0.928,0.886,0.922,0.866
2025-10-15T20:32:00,19.8,69.3,393,0.922,0.884,0.927,0.867
2025-10-15T20:33:00,20.4,68.3,382,0.923,0.883,0.928,0.867
2025-10-15T20:34:00,19.9,66.7,383,0.919,0.885,0.928,0.866
2025-10-15T20:35:00,19.9,68.8,377,0.921,0.883,0.927,0.867
2025-10-15T20:36:00,19.9,70.3,363,0.923,0.878,0.926,0.866
2025-10-15T20:37:00,20.1,68.3,384,0.921,0.882,0.927,0.864
2025-10-15T20:38:00,20.2,68.3,374,0.922,0.883,0.924,0.865
2025-10-15T20:39:00,20.2,68.8,383,0.921,0.883,0.921,0.866
2025-10-15T20:40:00,20.1,68.7,378,0.922,0.883,0.92,0.865
2025-10-15T20:41:00,19.7,68.1,381,0.919,0.883,0.923,0.863
2025-10-15T20:42:00,20.3,68.4,374,0.92,0.88,0.922,0.862
2025-10-15T20:43:00,20.0,70.4,387,0.916,0.878,0.922,0.861
2025-10-15T20:44:00,20.4,66.7,371,0.912,0.878,0.922,0.864
2025-10-15T20:45:00,19.8,68.8,399,0.912,0.873,0.924,0.864
2025-10-15T20:46:00,19.5,67.9,399,0.911,0.872,0.921,0.864
2025-10-15T20:47:00,20.0,70.4,394,0.911,0.871,0.922,0.862
2025-10-15T20:48:00,20.4,68.1,392,0.91,0.87,0.921,0.863
2025-10-15T20:49:00,20.0,67.7,381,0.913,0.869,0.923,0.861
2025-10-15T20:50:00,19.9,69.3,391,0.913,0.866,0.921,0.86
2025-10-15T20:51:00,19.7,67.8,381,0.913,0.862,0.921,0.861
2025-10-15T20:52:00,20.5,66.5,370,0.914,0.862,0.92,0.861
2025-10-15T20:53:00,19.6,67.5,395,0.915,0.862,0.918,0.856
2025-10-15T20:54:00,19.7,68.0,392,0.916,0.859,0.915,0.856
2025-10-15T20:55:00,20.1,70.8,383,0.917,0.858,0.913,0.856
2025-10-15T20:56:00,19.4,69.2,374,0.918,0.857,0.913,0.855
2025-10-15T20:57:00,20.3,69.1,379,0.914,0.856,0.912,0.855
2025-10-15T20:58:00,20.1,67.6,369,0.91,0.852,0.911,0.851
2025-10-15T20:59:00,20.2,69.8,392,0.95,0.95,0.95,0.95
2025-10-15T21:00:00,20.0,67.4,372,0.95,0.95,0.95,0.95
2025-10-15T21:01:00,19.8,69.4,387,0.95,0.95,0.95,0.95
2025-10-15T21:02:00,19.5,70.0,378,0.95,0.95,0.948,0.949
2025-10-15T21:03:00,19.8,72.9,374,0.947,0.95,0.95,0.95
2025-10-15T21:04:00,19.5,70.8,387,0.947,0.95,0.95,0.949
2025-10-15T21:05:00,20.0,68.2,383,0.943,0.95,0.95,0.949
2025-10-15T21:06:00,20.1,69.9,393,0.944,0.946,0.95,0.95
2025-10-15T21:07:00,20.3,71.7,376,0.94,0.945,0.948,0.95
2025-10-15T21:08:00,19.9,66.7,380,0.939,0.944,0.946,0.949
2025-10-15T21:09:00,20.1,67.6,368,0.941,0.947,0.944,0.95
2025-10-15T21:10:00,19.7,69.2,369,0.941,0.945,0.943,0.95
2025-10-15T21:11:00,19.6,69.1,402,0.937,0.946,0.947,0.95
2025-10-15T21:12:00,19.9,68.7,404,0.936,0.946,0.947,0.949
2025-10-15T21:13:00,19.6,67.8,388,0.932,0.948,0.945,0.948
2025-10-15T21:14:00,19.8,71.4,381,0.929,0.947,0.942,0.95
2025-10-15T21:15:00,19.4,68.0,386,0.929,0.948,0.944,0.949
2025-10-15T21:16:00,19.5,69.8,396,0.929,0.945,0.946,0.95
2025-10-15T21:17:00,19.9,70.7,385,0.93,0.941,0.945,0.948
2025-10-15T21:18:00,20.0,69.0,391,0.931,0.936,0.941,0.95
2025-10-15T21:19:00,19.4,68.7,389,0.931,0.938,0.938,0.95
2025-10-15T21:20:00,19.9,67.2,385,0.93,0.939,0.941,0.948
2025-10-15T21:21:00,19.5,69.6,386,0.927,0.94,0.942,0.948
2025-10-15T21:22:00,19.7,68.5,392,0.926,0.939,0.942,0.947
2025-10-15T21:23:00,20.1,69.1,383,0.923,0.937,0.946,0.947
2025-10-15T21:24:00,19.9,67.1,394,0.921,0.937,0.949,0.945
2025-10-15T21:25:00,19.9,70.4,387,0.921,0.939,0.949,0.945
2025-10-15T21:26:00,20.2,68.7,392,0.92,0.942,0.949,0.946
2025-10-15T21:27:00,19.4,70.4,402,0.926,0.944,0.947,0.947
2025-10-15T21:28:00,19.3,72.5,390,0.923,0.944,0.946,0.945
2025-10-15T21:29:00,19.4,69.5,399,0.923,0.946,0.943,0.942
2025-10-15T21:30:00,19.5,68.8,378,0.92,0.945,0.94,0.942
2025-10-15T21:31:00,18.9,70.4,389,0.919,0.944,0.936,0.943
2025-10-15T21:32:00,19.5,69.6,393,0.918,0.944,0.938,0.941
2025-10-15T21:33:00,19.4,70.0,408,0.919,0.942,0.934,0.944
2025-10-15T21:34:00,19.8,68.1,378,0.918,0.941,0.938,0.945
2025-10-15T21:35:00,19.7,66.6,393,0.917,0.938,0.936,0.944
2025-10-15T21:36:00,19.4,69.4,405,0.916,0.94,0.939,0.942
2025-10-15T21:37:00,19.7,70.1,388,0.913,0.941,0.938,0.941
2025-10-15T21:38:00,19.8,69.7,393,0.911,0.943,0.935,0.94
2025-10-15T21:39:00,19.3,72.2,397,0.91,0.94,0.937,0.943
2025-10-15T21:40:00,19.4,73.1,396,0.91,0.943,0.94,0.944
2025-10-15T21:41:00,18.9,72.4,408,0.911,0.94,0.938,0.944
2025-10-15T21:42:00,19.2,72.7,399,0.91,0.937,0.937,0.945
2025-10-15T21:43:00,19.3,71.6,406,0.909,0.936,0.935,0.946
2025-10-15T21:44:00,19.5,72.5,393,0.905,0.938,0.934,0.946
2025-10-15T21:45:00,19.2,73.3,390,0.906,0.938,0.934,0.947
2025-10-15T21:46:00,19.3,71.7,395,0.905,0.937,0.933,0.948
2025-10-15T21:47:00,19.1,71.8,387,0.906,0.936,0.929,0.948
2025-10-15T21:48:00,19.5,69.6,401,0.908,0.932,0.928,0.946
2025-10-15T21:49:00,19.6,69.7,394,0.907,0.934,0.929,0.945
2025-10-15T21:50:00,19.6,69.3,392,0.905,0.936,0.928,0.944
2025-10-15T21:51:00,19.5,71.0,402,0.905,0.938,0.927,0.942
2025-10-15T21:52:00,19.0,69.9,389,0.905,0.939,0.925,0.939
2025-10-15T21:53:00,19.3,70.2,404,0.904,0.933,0.923,0.94
2025-10-15T21:54:00,19.3,66.8,395,0.903,0.93,0.926,0.94
2025-10-15T21:55:00,19.3,73.0,408,0.904,0.931,0.923,0.937
2025-10-15T21:56:00,19.5,69.8,396,0.904,0.93,0.924,0.937
2025-10-15T21:57:00,19.8,70.0,404,0.903,0.928,0.924,0.936
2025-10-15T21:58:00,19.7,71.9,401,0.9,0.926,0.924,0.936
2025-10-15T21:59:00,19.1,71.2,406,0.9,0.928,0.923,0.934
2025-10-15T22:00:00,19.6,72.0,401,0.898,0.928,0.922,0.931
2025-10-15T22:01:00,19.6,68.0,387,0.899,0.929,0.921,0.931
2025-10-15T22:02:00,19.1,74.3,408,0.899,0.927,0.92,0.928
2025-10-15T22:03:00,19.6,71.4,399,0.895,0.927,0.92,0.927
2025-10-15T22:04:00,19.3,70.7,406,0.894,0.924,0.921,0.926
2025-10-15T22:05:00,18.9,73.2,406,0.895,0.924,0.925,0.926
2025-10-15T22:06:00,19.5,68.2,394,0.896,0.918,0.925,0.926
2025-10-15T22:07:00,19.4,69.7,393,0.896,0.915,0.921,0.929
2025-10-15T22:08:00,19.3,72.6,405,0.892,0.914,0.923,0.925
2025-10-15T22:09:00,19.3,67.5,398,0.894,0.918,0.922,0.927
2025-10-15T22:10:00,19.1,71.6,407,0.895,0.915,0.926,0.921
2025-10-15T22:11:00,19.5,70.8,399,0.892,0.912,0.929,0.924
2025-10-15T22:12:00,19.3,73.3,408,0.89,0.912,0.927,0.919
2025-10-15T22:13:00,19.4,67.9,403,0.89,0.915,0.929,0.924
2025-10-15T22:14:00,19.4,72.6,402,0.891,0.915,0.927,0.923
2025-10-15T22:15:00,19.0,70.2,397,0.89,0.916,0.927,0.925
2025-10-15T22:16:00,19.0,70.3,402,0.891,0.915,0.928,0.927
2025-10-15T22:17:00,18.6,69.9,410,0.887,0.914,0.93,0.926
2025-10-15T22:18:00,19.5,68.4,400,0.885,0.914,0.931,0.925
2025-10-15T22:19:00,18.9,71.8,404,0.881,0.912,0.931,0.923
2025-10-15T22:20:00,19.3,68.7,400,0.878,0.913,0.936,0.924
2025-10-15T22:21:00,19.4,71.3,401,0.881,0.91,0.935,0.923
2025-10-15T22:22:00,19.5,69.1,414,0.885,0.911,0.931,0.921
2025-10-15T22:23:00,18.9,69.4,410,0.885,0.911,0.928,0.922
2025-10-15T22:24:00,19.2,69.7,401,0.884,0.91,0.931,0.92
2025-10-15T22:25:00,19.8,70.0,402,0.883,0.907,0.93,0.919
2025-10-15T22:26:00,19.8,69.1,394,0.883,0.905,0.93,0.919
2025-10-15T22:27:00,19.5,70.0,399,0.88,0.907,0.929,0.917
2025-10-15T22:28:00,19.3,71.4,402,0.879,0.906,0.928,0.916
2025-10-15T22:29:00,18.9,72.8,407,0.881,0.906,0.926,0.919
2025-10-15T22:30:00,19.4,69.6,406,0.879,0.904,0.927,0.918
2025-10-15T22:31:00,19.2,69.1,391,0.877,0.904,0.926,0.917
2025-10-15T22:32:00,19.4,70.3,408,0.877,0.901,0.927,0.916
2025-10-15T22:33:00,19.0,71.7,399,0.877,0.901,0.927,0.917
2025-10-15T22:34:00,19.2,68.5,392,0.875,0.901,0.926,0.915
2025-10-15T22:35:00,19.3,69.2,411,0.875,0.902,0.923,0.915
2025-10-15T22:36:00,19.3,69.4,412,0.876,0.899,0.919,0.915
2025-10-15T22:37:00,19.3,70.0,402,0.88,0.898,0.925,0.911
2025-10-15T22:38:00,19.0,69.8,406,0.879,0.899,0.928,0.915
2025-10-15T22:39:00,18.8,72.5,406,0.879,0.898,0.93,0.917
2025-10-15T22:40:00,19.7,67.3,411,0.882,0.898,0.928,0.915
2025-10-15T22:41:00,19.9,66.8,406,0.88,0.901,0.928,0.913
2025-10-15T22:42:00,19.3,69.9,389,0.877,0.899,0.926,0.913
2025-10-15T22:43:00,18.8,71.2,416,0.878,0.901,0.923,0.91
2025-10-15T22:44:00,18.9,69.0,409,0.879,0.898,0.922,0.912
2025-10-15T22:45:00,19.3,69.5,396,0.88,0.899,0.924,0.911
2025-10-15T22:46:00,19.6,69.3,392,0.879,0.9,0.925,0.914
2025-10-15T22:47:00,18.8,70.8,404,0.876,0.899,0.923,0.912
2025-10-15T22:48:00,19.1,71.0,398,0.876,0.896,0.922,0.912
2025-10-15T22:49:00,19.2,69.6,403,0.878,0.892,0.924,0.914
2025-10-15T22:50:00,19.4,72.4,406,0.875,0.89,0.922,0.913
2025-10-15T22:51:00,19.0,71.7,395,0.874,0.891,0.922,0.913
2025-10-15T22:52:00,18.7,70.5,391,0.873,0.889,0.922,0.915
2025-10-15T22:53:00,19.3,70.5,403,0.872,0.889,0.923,0.914
2025-10-15T22:54:00,19.5,70.3,396,0.872,0.885,0.923,0.911
2025-10-15T22:55:00,19.1,72.6,401,0.872,0.885,0.922,0.908
2025-10-15T22:56:00,19.2,69.6,389,0.873,0.882,0.92,0.908
2025-10-15T22:57:00,19.0,72.2,398,0.871,0.882,0.918,0.909
2025-10-15T22:58:00,18.9,71.4,406,0.867,0.88,0.914,0.911
2025-10-15T22:59:00,19.4,72.4,405,0.867,0.878,0.914,0.91
2025-10-15T23:00:00,19.2,72.5,394,0.866,0.876,0.915,0.907
2025-10-15T23:01:00,19.2,70.8,391,0.869,0.874,0.912,0.902
2025-10-15T23:02:00,19.5,69.5,400,0.873,0.871,0.912,0.907
2025-10-15T23:03:00,18.8,72.2,404,0.876,0.873,0.913,0.908
2025-10-15T23:04:00,18.9,70.9,403,0.874,0.872,0.909,0.908
2025-10-15T23:05:00,19.1,73.3,396,0.875,0.867,0.909,0.908
2025-10-15T23:06:00,18.9,71.3,402,0.877,0.865,0.912,0.905
2025-10-15T23:07:00,19.3,69.8,412,0.878,0.867,0.912,0.903
2025-10-15T23:08:00,19.0,70.3,402,0.877,0.865,0.908,0.906
2025-10-15T23:09:00,18.8,69.6,387,0.879,0.868,0.909,0.907
2025-10-15T23:10:00,19.1,71.7,402,0.879,0.866,0.908,0.905
2025-10-15T23:11:00,19.1,69.5,416,0.879,0.867,0.909,0.903
2025-10-15T23:12:00,19.3,72.0,390,0.875,0.868,0.907,0.901
2025-10-15T23:13:00,19.2,68.7,400,0.876,0.869,0.907,0.9
2025-10-15T23:14:00,19.2,70.8,398,0.875,0.866,0.905,0.904
2025-10-15T23:15:00,19.2,72.4,401,0.876,0.864,0.905,0.904
2025-10-15T23:16:00,19.0,67.8,402,0.876,0.866,0.903,0.901
2025-10-15T23:17:00,18.8,74.4,409,0.876,0.864,0.903,0.9
2025-10-15T23:18:00,19.1,70.1,401,0.876,0.865,0.9,0.901
2025-10-15T23:19:00,18.9,71.3,410,0.877,0.864,0.901,0.898
2025-10-15T23:20:00,19.6,70.8,399,0.877,0.864,0.901,0.898
2025-10-15T23:21:00,19.4,71.2,397,0.873,0.861,0.897,0.9
2025-10-15T23:22:00,19.2,70.9,395,0.874,0.86,0.899,0.9
2025-10-15T23:23:00,19.2,72.2,385,0.872,0.858,0.898,0.898
2025-10-15T23:24:00,19.0,71.8,402,0.869,0.858,0.898,0.897
2025-10-15T23:25:00,18.7,74.3,416,0.867,0.858,0.9,0.894
2025-10-15T23:26:00,19.0,71.8,404,0.867,0.858,0.9,0.893
2025-10-15T23:27:00,19.1,73.8,405,0.867,0.857,0.902,0.893
2025-10-15T23:28:00,19.1,72.2,397,0.862,0.855,0.901,0.891
2025-10-15T23:29:00,19.2,68.0,398,0.861,0.855,0.903,0.895
2025-10-15T23:30:00,19.3,74.3,408,0.863,0.853,0.903,0.896
2025-10-15T23:31:00,18.8,70.5,416,0.862,0.854,0.903,0.892
2025-10-15T23:32:00,18.8,73.6,412,0.861,0.854,0.904,0.888
2025-10-15T23:33:00,19.5,70.1,406,0.863,0.853,0.906,0.886
2025-10-15T23:34:00,19.3,72.1,400,0.864,0.854,0.907,0.889
2025-10-15T23:35:00,18.9,70.2,402,0.866,0.853,0.906,0.89
2025-10-15T23:36:00,19.0,72.0,394,0.86,0.85,0.905,0.893
2025-10-15T23:37:00,19.0,70.7,388,0.863,0.847,0.904,0.893
2025-10-15T23:38:00,19.0,73.3,391,0.864,0.849,0.902,0.892
2025-10-15T23:39:00,19.2,71.3,400,0.869,0.849,0.9,0.89
2025-10-15T23:40:00,19.8,70.9,398,0.867,0.845,0.895,0.89
2025-10-15T23:41:00,19.1,67.6,388,0.863,0.846,0.892,0.889
2025-10-15T23:42:00,19.2,70.5,400,0.863,0.844,0.896,0.888
2025-10-15T23:43:00,18.5,72.6,397,0.862,0.842,0.894,0.891
2025-10-15T23:44:00,18.9,71.6,391,0.863,0.839,0.898,0.891
2025-10-15T23:45:00,19.4,71.7,397,0.865,0.841,0.898,0.893
2025-10-15T23:46:00,19.1,70.2,397,0.865,0.837,0.898,0.89
2025-10-15T23:47:00,17.7,73.7,395,0.864,0.835,0.894,0.895
2025-10-15T23:48:00,19.2,72.4,407,0.865,0.835,0.894,0.894
2025-10-15T23:49:00,19.6,66.4,385,0.864,0.838,0.897,0.895
2025-10-15T23:50:00,18.4,73.1,384,0.863,0.839,0.9,0.896
2025-10-15T23:51:00,19.5,69.6,400,0.865,0.837,0.901,0.895
2025-10-15T23:52:00,18.2,71.3,401,0.867,0.839,0.898,0.896
2025-10-15T23:53:00,19.3,70.9,403,0.869,0.836,0.896,0.898
2025-10-15T23:54:00,19.0,72.8,396,0.868,0.837,0.894,0.896
2025-10-15T23:55:00,18.3,74.0,393,0.863,0.837,0.896,0.894
2025-10-15T23:56:00,19.1,70.5,400,0.863,0.835,0.899,0.894
2025-10-15T23:57:00,19.3,71.6,396,0.861,0.836,0.899,0.894
2025-10-15T23:58:00,19.1,72.1,412,0.86,0.835,0.898,0.896
2025-10-15T23:59:00,19.2,70.5,397,0.859,0.836,0.901,0.897
